-654.000000, 510.000000, 3426.000000, -632.176697, 445.347443, 3377.604736
-725.000000, 482.000000, 3568.000000, -660.723145, 452.927185, 3422.753174
-725.000000, 482.000000, 3568.000000, -681.441223, 458.466858, 3455.847656
-725.000000, 482.000000, 3568.000000, -696.451416, 462.518372, 3480.144775
-725.000000, 482.000000, 3568.000000, -707.300537, 465.484283, 3498.020508
-776.000000, 568.000000, 3937.000000, -730.073608, 492.879395, 3619.424072
-776.000000, 568.000000, 3937.000000, -746.567932, 512.835632, 3707.964355
-776.000000, 568.000000, 3937.000000, -758.484924, 527.365967, 3772.530762
-776.000000, 568.000000, 3937.000000, -767.065613, 537.938965, 3819.608398
-776.000000, 568.000000, 3937.000000, -773.215271, 545.625854, 3853.927734
-856.000000, 489.000000, 3782.000000, -800.998474, 528.096436, 3833.593994
-856.000000, 489.000000, 3782.000000, -821.128357, 515.317078, 3818.801270
-856.000000, 489.000000, 3782.000000, -835.678284, 506.003143, 3808.049805
-856.000000, 489.000000, 3782.000000, -846.160645, 499.217438, 3800.245605
-852.000000, 568.000000, 4098.000000, -852.510620, 517.345642, 3886.868164
-852.000000, 568.000000, 4098.000000, -857.018677, 530.548462, 3949.972900
-852.000000, 568.000000, 4098.000000, -860.185913, 540.158508, 3995.921875
-852.000000, 568.000000, 4098.000000, -862.377808, 547.148071, 4029.355957
-852.000000, 568.000000, 4098.000000, -863.861023, 552.226501, 4053.661133
-1209.000000, 926.000000, 4023.000000, -968.857361, 660.230103, 4049.453613
-1209.000000, 926.000000, 4023.000000, -1045.212769, 738.869995, 4046.328369
-1209.000000, 926.000000, 4023.000000, -1100.677368, 796.089722, 4043.993896
-1209.000000, 926.000000, 4023.000000, -1140.905396, 837.684692, 4042.237549
-1209.000000, 926.000000, 4023.000000, -1170.021973, 867.883179, 4040.904053
-841.000000, 599.000000, 3985.000000, -1084.017212, 794.673950, 4028.828857
-841.000000, 599.000000, 3985.000000, -1021.178101, 741.236511, 4019.982178
-841.000000, 599.000000, 3985.000000, -975.243408, 702.225830, 4013.492188
-841.000000, 599.000000, 3985.000000, -941.644714, 673.741943, 4008.721924
-702.000000, 581.000000, 3887.000000, -876.685974, 647.712646, 3976.750000
-702.000000, 581.000000, 3887.000000, -829.259827, 628.708191, 3953.423340
-702.000000, 581.000000, 3887.000000, -794.627014, 614.829773, 3936.404297
-702.000000, 581.000000, 3887.000000, -769.329712, 604.692078, 3923.987549
-702.000000, 581.000000, 3887.000000, -750.844910, 597.284180, 3914.928955
-452.000000, 301.000000, 4161.000000, -664.863953, 510.704834, 3987.744629
-452.000000, 301.000000, 4161.000000, -602.186829, 447.616180, 4040.783691
-452.000000, 301.000000, 4161.000000, -556.512817, 401.666412, 4079.393799
-452.000000, 301.000000, 4161.000000, -523.244446, 368.220947, 4107.477539
-452.000000, 301.000000, 4161.000000, -499.027252, 343.898102, 4127.881836
-274.000000, 128.000000, 4384.000000, -429.901031, 276.164886, 4207.219238
-274.000000, 128.000000, 4384.000000, -379.574860, 226.876190, 4264.953613
-274.000000, 128.000000, 4384.000000, -342.964813, 191.043762, 4306.927246
-274.000000, 128.000000, 4384.000000, -316.361298, 165.027847, 4337.402832
-329.000000, 202.000000, 4213.000000, -312.954773, 167.561615, 4310.065918
-329.000000, 202.000000, 4213.000000, -310.558685, 169.513535, 4290.025391
-329.000000, 202.000000, 4213.000000, -308.898376, 171.039078, 4275.310547
-329.000000, 202.000000, 4213.000000, -307.773468, 172.251724, 4264.483398
-329.000000, 202.000000, 4213.000000, -307.037781, 173.234314, 4256.495117
-314.000000, 110.000000, 4242.000000, -302.255341, 147.494202, 4258.949707
-314.000000, 110.000000, 4242.000000, -298.852386, 128.833313, 4260.647461
-314.000000, 110.000000, 4242.000000, -296.454559, 115.336166, 4261.794922
-314.000000, 110.000000, 4242.000000, -294.788818, 105.605026, 4262.542480
-314.000000, 110.000000, 4242.000000, -293.655884, 98.620010, 4262.999512
-548.000000, 453.000000, 4103.000000, -360.356201, 192.499786, 4223.182129
-548.000000, 453.000000, 4103.000000, -409.041656, 261.019592, 4194.080566
-548.000000, 453.000000, 4103.000000, -444.580902, 311.033234, 4172.800293
-548.000000, 453.000000, 4103.000000, -470.526825, 347.542084, 4157.227539
-548.000000, 453.000000, 4103.000000, -489.472015, 374.195862, 4145.820801
-497.000000, 395.000000, 3999.000000, -488.627319, 376.961731, 4107.517090
-497.000000, 395.000000, 3999.000000, -488.036255, 379.007690, 4079.552979
-497.000000, 395.000000, 3999.000000, -487.629974, 380.527954, 4059.134277
-497.000000, 395.000000, 3999.000000, -487.358215, 381.664185, 4044.221924
-577.000000, 577.000000, 4153.000000, -510.191406, 434.860901, 4077.616699
-577.000000, 577.000000, 4153.000000, -526.856506, 473.658325, 4101.933594
-577.000000, 577.000000, 4153.000000, -539.020508, 501.948273, 4119.626465
-577.000000, 577.000000, 4153.000000, -547.899841, 522.570679, 4132.486816
-577.000000, 577.000000, 4153.000000, -554.382202, 537.598145, 4141.820801
-529.000000, 601.000000, 4032.000000, -545.326782, 555.437378, 4113.823730
-529.000000, 601.000000, 4032.000000, -538.733643, 568.428406, 4093.374756
-529.000000, 601.000000, 4032.000000, -533.937256, 577.881836, 4078.434570
-529.000000, 601.000000, 4032.000000, -530.451965, 584.754272, 4067.514648
-398.000000, 431.000000, 4272.000000, -490.324005, 540.950562, 4128.413086
-398.000000, 431.000000, 4272.000000, -461.087616, 509.001434, 4172.777832
-398.000000, 431.000000, 4272.000000, -439.799042, 485.703461, 4205.078125
-398.000000, 431.000000, 4272.000000, -424.310028, 468.718719, 4228.574707
-398.000000, 431.000000, 4272.000000, -413.052795, 456.341125, 4245.647461
-346.000000, 406.000000, 4378.000000, -389.973297, 440.157379, 4288.427246
-346.000000, 406.000000, 4378.000000, -373.188141, 428.370178, 4319.548828
-346.000000, 406.000000, 4378.000000, -360.995758, 419.791260, 4342.164551
-346.000000, 406.000000, 4378.000000, -352.154358, 413.553436, 4358.573730
-92.000000, -22.000000, 4582.000000, -272.983856, 286.397125, 4428.903320
-92.000000, -22.000000, 4582.000000, -215.321594, 193.724411, 4480.087891
-92.000000, -22.000000, 4582.000000, -173.354370, 126.216026, 4517.302246
-92.000000, -22.000000, 4582.000000, -142.839722, 77.070801, 4544.323730
-92.000000, -22.000000, 4582.000000, -120.681564, 41.325287, 4563.908203
-56.000000, 74.000000, 4754.000000, -94.315254, 42.837543, 4627.303223
-56.000000, 74.000000, 4754.000000, -75.189758, 44.036232, 4673.396973
-56.000000, 74.000000, 4754.000000, -61.346977, 45.004681, 4706.867188
-56.000000, 74.000000, 4754.000000, -51.357903, 45.803734, 4731.126953
-56.000000, 74.000000, 4754.000000, -44.179665, 46.477818, 4748.667969
74.000000, -196.000000, 4556.000000, -1.869604, -30.163921, 4704.676758
74.000000, -196.000000, 4556.000000, 28.870657, -85.948547, 4672.456543
74.000000, -196.000000, 4556.000000, 51.169052, -126.513428, 4648.829102
74.000000, -196.000000, 4556.000000, 67.308365, -155.972733, 4631.474121
339.000000, 0.000000, 4882.000000, 154.699463, -121.306412, 4711.878906
339.000000, 0.000000, 4882.000000, 218.289749, -95.908089, 4770.379883
339.000000, 0.000000, 4882.000000, 264.512299, -77.275192, 4812.897461
339.000000, 0.000000, 4882.000000, 298.062042, -63.581284, 4843.752930
339.000000, 0.000000, 4882.000000, 322.365479, -53.493355, 4866.099121
291.000000, 88.000000, 4392.000000, 326.213806, -20.904436, 4742.286621
291.000000, 88.000000, 4392.000000, 328.855774, 2.951916, 4651.862793
291.000000, 88.000000, 4392.000000, 330.619690, 20.433939, 4585.807617
291.000000, 88.000000, 4392.000000, 331.745117, 33.262756, 4537.539062
475.000000, 54.000000, 4125.000000, 384.929962, 32.989170, 4426.037109
475.000000, 54.000000, 4125.000000, 423.549652, 32.864605, 4344.658691
475.000000, 54.000000, 4125.000000, 451.541870, 32.847778, 4285.265137
475.000000, 54.000000, 4125.000000, 471.780426, 32.908566, 4241.917480
475.000000, 54.000000, 4125.000000, 486.362701, 33.025013, 4210.280762
292.000000, 352.000000, 3856.000000, 444.616882, 118.188446, 4110.456543
292.000000, 352.000000, 3856.000000, 414.003510, 180.352646, 4037.656494
292.000000, 352.000000, 3856.000000, 391.517120, 225.730804, 3984.579346
292.000000, 352.000000, 3856.000000, 374.964203, 258.857605, 3945.895996
292.000000, 352.000000, 3856.000000, 362.743805, 283.042664, 3917.717529
728.000000, -146.000000, 3904.000000, 477.981903, 158.732071, 3910.888916
728.000000, -146.000000, 3904.000000, 561.864441, 68.112434, 3905.948486
728.000000, -146.000000, 3904.000000, 622.864929, 2.080882, 3902.385254
728.000000, -146.000000, 3904.000000, 667.167908, -46.006329, 3899.826904
728.000000, -146.000000, 3904.000000, 699.286987, -80.998131, 3898.001221
245.000000, 654.000000, 3546.000000, 584.905029, 121.494415, 3794.712158
245.000000, 654.000000, 3546.000000, 501.308716, 269.228058, 3719.437500
245.000000, 654.000000, 3546.000000, 440.183197, 376.996063, 3664.608154
245.000000, 654.000000, 3546.000000, 395.459839, 455.595398, 3624.699463
265.000000, 259.000000, 3617.000000, 368.404907, 400.417450, 3615.898926
265.000000, 259.000000, 3617.000000, 348.547455, 360.167572, 3609.568359
265.000000, 259.000000, 3617.000000, 333.944641, 330.812897, 3605.039062
265.000000, 259.000000, 3617.000000, 323.178497, 309.410065, 3601.823242
265.000000, 259.000000, 3617.000000, 315.214081, 293.810730, 3599.564941
856.000000, -217.000000, 3522.000000, 477.512878, 146.962585, 3570.964600
856.000000, -217.000000, 3522.000000, 595.752136, 39.895828, 3550.194824
856.000000, -217.000000, 3522.000000, 681.836426, -38.137054, 3535.139160
856.000000, -217.000000, 3522.000000, 744.454468, -94.980316, 3524.252686
856.000000, -217.000000, 3522.000000, 789.947937, -136.359222, 3516.407715
384.000000, 244.000000, 3050.000000, 688.666199, -35.302841, 3376.502197
384.000000, 244.000000, 3050.000000, 614.627991, 38.475258, 3274.576416
384.000000, 244.000000, 3050.000000, 560.475769, 92.343315, 3200.368408
384.000000, 244.000000, 3050.000000, 520.839355, 131.679230, 3146.388916
-395.000000, 1064.000000, 3989.000000, 270.265198, 393.601837, 3374.206543
-395.000000, 1064.000000, 3989.000000, 87.412888, 584.638916, 3540.489014
-395.000000, 1064.000000, 3989.000000, -46.010952, 723.939575, 3661.857910
-395.000000, 1064.000000, 3989.000000, -143.358231, 825.480530, 3750.445557
-395.000000, 1064.000000, 3989.000000, -214.374283, 899.462952, 3815.106445
-112.000000, 606.000000, 3766.000000, -185.727448, 823.143127, 3798.914307
-112.000000, 606.000000, 3766.000000, -164.835190, 767.395203, 3787.138916
-112.000000, 606.000000, 3766.000000, -149.602646, 726.662964, 3778.586670
-112.000000, 606.000000, 3766.000000, -138.500824, 696.891052, 3772.386475
-449.000000, 747.000000, 4032.000000, -226.176025, 715.186218, 3843.489258
-449.000000, 747.000000, 4032.000000, -290.123749, 728.473206, 3895.378662
-449.000000, 747.000000, 4032.000000, -336.753510, 738.105652, 3933.244873
-449.000000, 747.000000, 4032.000000, -370.743622, 745.071533, 3960.875488
-449.000000, 747.000000, 4032.000000, -395.508667, 750.091919, 3981.035400
49.000000, 423.000000, 3734.000000, -272.084625, 661.661316, 3911.095947
49.000000, 423.000000, 3734.000000, -182.044327, 597.112061, 3860.093262
49.000000, 423.000000, 3734.000000, -116.370049, 549.993713, 3822.912354
49.000000, 423.000000, 3734.000000, -68.479828, 515.598206, 3795.819092
49.000000, 423.000000, 3734.000000, -33.569546, 490.489166, 3776.088135
-1091.000000, 994.000000, 4516.000000, -331.828430, 634.290161, 3983.774170
-1091.000000, 994.000000, 4516.000000, -549.369141, 739.145630, 4135.269043
-1091.000000, 994.000000, 4516.000000, -707.995605, 815.576111, 4245.750977
-1091.000000, 994.000000, 4516.000000, -823.622437, 871.260437, 4326.298340
-996.000000, 713.000000, 4217.000000, -880.898621, 832.037537, 4300.122559
-996.000000, 713.000000, 4217.000000, -922.570068, 803.358032, 4280.978516
-996.000000, 713.000000, 4217.000000, -952.853210, 782.374756, 4266.966797
-996.000000, 713.000000, 4217.000000, -974.825500, 767.009644, 4256.701660
-996.000000, 713.000000, 4217.000000, -990.733215, 755.745850, 4249.171875
302.000000, 257.000000, 3524.000000, -633.881287, 618.076660, 4046.985352
302.000000, 257.000000, 3524.000000, -373.510498, 517.622437, 3899.491455
302.000000, 257.000000, 3524.000000, -183.560532, 444.331268, 3791.917236
302.000000, 257.000000, 3524.000000, -45.010029, 390.866241, 3713.479248
302.000000, 257.000000, 3524.000000, 56.024776, 351.872131, 3656.307129
-1122.000000, 665.000000, 4160.000000, -274.287598, 439.183014, 3795.078857
-1122.000000, 665.000000, 4160.000000, -515.234619, 502.872192, 3896.339600
-1122.000000, 665.000000, 4160.000000, -690.954773, 549.320190, 3970.220947
-1122.000000, 665.000000, 4160.000000, -819.066956, 583.184143, 4024.118408
-447.000000, 247.000000, 3566.000000, -720.989380, 489.311188, 3894.960449
-447.000000, 247.000000, 3566.000000, -649.371155, 420.825012, 3800.758301
-447.000000, 247.000000, 3566.000000, -597.066162, 370.868591, 3732.069580
-447.000000, 247.000000, 3566.000000, -558.858521, 334.436920, 3682.002930
-447.000000, 247.000000, 3566.000000, -530.941040, 307.876801, 3645.527832
-1067.000000, 632.000000, 4166.000000, -686.329712, 397.684753, 3789.096680
-1067.000000, 632.000000, 4166.000000, -799.617920, 463.203674, 3893.856934
-1067.000000, 632.000000, 4166.000000, -882.177795, 510.994141, 3970.290283
-1067.000000, 632.000000, 4166.000000, -942.310059, 545.844727, 4026.048096
-1187.000000, 486.000000, 3982.000000, -1020.091431, 529.862305, 4014.554199
-1187.000000, 486.000000, 3982.000000, -1076.718750, 518.189026, 4006.163574
-1187.000000, 486.000000, 3982.000000, -1117.907104, 509.661224, 4000.038086
-1187.000000, 486.000000, 3982.000000, -1147.827881, 503.429443, 3995.565918
-1187.000000, 486.000000, 3982.000000, -1169.525879, 498.873688, 3992.300293
-1248.000000, 432.000000, 3950.000000, -1202.511719, 480.237091, 3980.846436
-1248.000000, 432.000000, 3950.000000, -1226.439941, 466.635925, 3972.490234
-1248.000000, 432.000000, 3950.000000, -1243.758667, 456.710205, 3966.394775
-1248.000000, 432.000000, 3950.000000, -1256.254517, 449.467316, 3961.949463
-1248.000000, 432.000000, 3950.000000, -1265.231567, 444.182678, 3958.708740
-897.000000, 402.000000, 3771.000000, -1172.186035, 431.826904, 3905.627441
-897.000000, 402.000000, 3771.000000, -1104.186523, 422.815155, 3866.915283
-897.000000, 402.000000, 3771.000000, -1054.469482, 416.244263, 3838.691162
-897.000000, 402.000000, 3771.000000, -1018.098206, 411.454956, 3818.121826
-1202.000000, 444.000000, 3892.000000, -1077.876221, 419.864685, 3837.419189
-1202.000000, 444.000000, 3892.000000, -1121.380371, 426.003235, 3851.516602
-1202.000000, 444.000000, 3892.000000, -1153.007446, 430.484009, 3861.818359
-1202.000000, 444.000000, 3892.000000, -1175.966431, 433.754791, 3869.349365
-1202.000000, 444.000000, 3892.000000, -1192.599609, 436.142365, 3874.857910
-1384.000000, 337.000000, 4302.000000, -1256.167603, 407.578033, 3995.020752
-1384.000000, 337.000000, 4302.000000, -1302.416138, 386.745575, 4082.676270
-1384.000000, 337.000000, 4302.000000, -1336.024292, 371.556641, 4146.604004
-1384.000000, 337.000000, 4302.000000, -1360.407593, 360.486938, 4193.213379
-338.000000, 207.000000, 3885.000000, -1081.828125, 315.607361, 4109.085938
-338.000000, 207.000000, 3885.000000, -878.506714, 282.886017, 4047.692627
-338.000000, 207.000000, 3885.000000, -730.118164, 259.038940, 4002.894043
-338.000000, 207.000000, 3885.000000, -621.826355, 241.669098, 3970.207764
-338.000000, 207.000000, 3885.000000, -542.802185, 229.026810, 3946.362549
-1625.000000, 309.000000, 4733.000000, -849.560303, 248.716660, 4169.084961
-1625.000000, 309.000000, 4733.000000, -1073.289551, 263.108521, 4331.535645
-1625.000000, 309.000000, 4733.000000, -1236.415527, 273.633057, 4449.993652
-1625.000000, 309.000000, 4733.000000, -1355.307251, 281.334534, 4536.341309
-1625.000000, 309.000000, 4733.000000, -1441.913086, 286.975220, 4599.251465
-1085.000000, 28.000000, 4055.000000, -1352.075928, 211.558121, 4453.108398
-1085.000000, 28.000000, 4055.000000, -1286.412476, 156.571701, 4346.425293
-1085.000000, 28.000000, 4055.000000, -1238.395020, 116.497627, 4268.545410
-1085.000000, 28.000000, 4055.000000, -1203.259033, 87.307968, 4211.689941
-1870.000000, 297.000000, 4631.000000, -1399.739380, 142.209381, 4333.231445
-1870.000000, 297.000000, 4631.000000, -1542.949585, 182.302216, 4421.850098
-1870.000000, 297.000000, 4631.000000, -1647.278320, 211.585632, 4486.438477
-1870.000000, 297.000000, 4631.000000, -1723.228516, 232.978745, 4533.487793
-1870.000000, 297.000000, 4631.000000, -1778.466309, 248.612289, 4567.734863
-1215.000000, 304.000000, 3831.000000, -1633.200684, 262.022797, 4366.211914
-1215.000000, 304.000000, 3831.000000, -1527.071167, 271.828156, 4219.144043
-1215.000000, 304.000000, 3831.000000, -1449.509521, 279.001831, 4111.824707
-1215.000000, 304.000000, 3831.000000, -1392.801514, 284.254425, 4033.518799
-1215.000000, 304.000000, 3831.000000, -1351.316406, 288.104614, 3976.390137
-1222.000000, 452.000000, 3968.000000, -1322.925049, 332.814362, 3973.489990
-1222.000000, 452.000000, 3968.000000, -1302.110229, 365.442627, 3971.380859
-1222.000000, 452.000000, 3968.000000, -1286.826782, 389.252258, 3969.849365
-1222.000000, 452.000000, 3968.000000, -1275.581909, 406.624939, 3968.739502
-741.000000, 564.000000, 3554.000000, -1131.178101, 450.991547, 3850.788574
-741.000000, 564.000000, 3554.000000, -1025.759277, 483.352509, 3764.763184
-741.000000, 564.000000, 3554.000000, -948.797180, 506.950348, 3702.040527
-741.000000, 564.000000, 3554.000000, -892.607056, 524.151855, 3656.326904
-741.000000, 564.000000, 3554.000000, -851.579346, 536.684753, 3623.028076
-699.000000, 789.000000, 3844.000000, -809.736145, 609.470520, 3680.842041
-699.000000, 789.000000, 3844.000000, -779.187683, 662.542603, 3723.066162
-699.000000, 789.000000, 3844.000000, -756.883789, 701.225464, 3753.910645
-699.000000, 789.000000, 3844.000000, -740.598145, 729.405640, 3776.448486
-123.000000, 514.000000, 3778.000000, -565.748657, 672.119446, 3774.250244
-123.000000, 514.000000, 3778.000000, -438.201874, 630.290955, 3772.678467
-123.000000, 514.000000, 3778.000000, -345.182526, 599.745850, 3771.563721
-123.000000, 514.000000, 3778.000000, -277.365417, 577.437073, 3770.781738
-123.000000, 514.000000, 3778.000000, -227.943741, 561.140442, 3770.242920
-156.000000, 586.000000, 3774.000000, -201.284103, 569.600037, 3768.749512
-156.000000, 586.000000, 3774.000000, -181.898560, 575.751831, 3767.690918
-156.000000, 586.000000, 3774.000000, -167.822067, 580.219360, 3766.949707
-156.000000, 586.000000, 3774.000000, -157.620239, 583.457703, 3766.439697
-156.000000, 586.000000, 3774.000000, -150.246094, 585.799072, 3766.098145
-74.000000, 364.000000, 3688.000000, -121.741089, 524.691650, 3741.553467
-74.000000, 364.000000, 3688.000000, -101.017830, 480.098297, 3723.680664
-74.000000, 364.000000, 3688.000000, -85.974075, 447.559174, 3710.677002
-74.000000, 364.000000, 3688.000000, -75.075317, 423.818817, 3701.227295
-432.000000, 428.000000, 3360.000000, -168.457230, 424.602570, 3601.600830
-432.000000, 428.000000, 3360.000000, -236.647736, 425.176239, 3528.969971
-432.000000, 428.000000, 3360.000000, -286.449799, 425.596558, 3476.043457
-432.000000, 428.000000, 3360.000000, -322.829132, 425.904938, 3437.499268
-432.000000, 428.000000, 3360.000000, -349.410461, 426.131592, 3409.452148
-646.000000, 451.000000, 3517.000000, -429.361938, 432.803375, 3433.468506
-646.000000, 451.000000, 3517.000000, -487.716064, 437.671539, 3451.062256
-646.000000, 451.000000, 3517.000000, -530.305420, 441.223206, 3463.966797
-646.000000, 451.000000, 3517.000000, -561.387512, 443.813934, 3473.448242
-646.000000, 451.000000, 3517.000000, -584.070068, 445.703247, 3480.430176
-721.000000, 490.000000, 3035.000000, -621.831055, 458.109589, 3349.280518
-721.000000, 490.000000, 3035.000000, -649.377869, 467.158051, 3253.680176
-721.000000, 490.000000, 3035.000000, -669.469116, 473.755493, 3184.028076
-721.000000, 490.000000, 3035.000000, -684.118408, 478.563904, 3133.314941
-613.000000, 742.000000, 3706.000000, -664.255493, 553.326721, 3286.169678
-613.000000, 742.000000, 3706.000000, -649.756958, 607.854797, 3397.772217
-613.000000, 742.000000, 3706.000000, -639.174194, 647.613037, 3479.262695
-613.000000, 742.000000, 3706.000000, -631.449768, 676.590515, 3538.772461
-613.000000, 742.000000, 3706.000000, -625.811768, 697.699097, 3582.237549
-463.000000, 476.000000, 3499.000000, -579.282837, 637.849915, 3555.458984
-463.000000, 476.000000, 3499.000000, -545.342102, 594.160156, 3535.968018
-463.000000, 476.000000, 3499.000000, -520.589905, 562.265930, 3521.796387
-463.000000, 476.000000, 3499.000000, -502.544647, 538.981873, 3511.506836
-204.000000, 314.000000, 3844.000000, -416.163483, 476.177826, 3601.598389
-204.000000, 314.000000, 3844.000000, -353.170502, 430.355347, 3667.363281
-204.000000, 314.000000, 3844.000000, -307.249115, 396.928345, 3715.370605
-204.000000, 314.000000, 3844.000000, -273.788605, 372.549225, 3750.416260
-126.000000, 321.000000, 3848.000000, -227.370087, 356.753571, 3777.131104
-12.000000, 263.000000, 4340.000000, -161.325821, 328.844574, 3935.737305
-12.000000, 263.000000, 4340.000000, -113.203476, 308.500336, 4051.440674
-12.000000, 263.000000, 4340.000000, -78.162445, 293.677765, 4135.827637
-12.000000, 263.000000, 4340.000000, -52.669338, 282.885468, 4197.355957
-12.000000, 263.000000, 4340.000000, -34.144985, 275.034821, 4242.199219
-55.000000, 221.000000, 4573.000000, -32.863586, 257.457062, 4340.737305
-55.000000, 221.000000, 4573.000000, -32.004730, 244.659134, 4412.562500
-55.000000, 221.000000, 4573.000000, -31.453644, 235.349930, 4464.889648
-55.000000, 221.000000, 4573.000000, -31.126554, 228.587051, 4502.984863
148.000000, -121.000000, 4783.000000, 26.427231, 126.996727, 4590.061035
148.000000, -121.000000, 4783.000000, 68.334778, 52.923172, 4653.492676
148.000000, -121.000000, 4783.000000, 98.822296, -1.065310, 4699.665527
148.000000, -121.000000, 4783.000000, 120.974678, -40.393433, 4733.241699
148.000000, -121.000000, 4783.000000, 137.043747, -69.020966, 4757.624512
9.000000, -37.000000, 4705.000000, 109.378601, -66.091949, 4753.247070
9.000000, -37.000000, 4705.000000, 89.105606, -63.887688, 4749.939453
9.000000, -37.000000, 4705.000000, 74.229210, -62.213062, 4747.413086
9.000000, -37.000000, 4705.000000, 63.292755, -60.925632, 4745.458008
-78.000000, 25.000000, 4549.000000, 30.639261, -42.394886, 4699.822266
-78.000000, 25.000000, 4549.000000, 6.740563, -28.813608, 4666.424316
-78.000000, 25.000000, 4549.000000, -10.767008, -18.845688, 4641.960449
-78.000000, 25.000000, 4549.000000, -23.608814, -11.515836, 4624.018555
-78.000000, 25.000000, 4549.000000, -33.044285, -6.112135, 4610.838867
-278.000000, 287.000000, 4711.000000, -96.527924, 71.946167, 4646.929199
-278.000000, 287.000000, 4711.000000, -142.899017, 128.938766, 4673.167480
-278.000000, 287.000000, 4711.000000, -176.778519, 170.554321, 4692.214844
-278.000000, 287.000000, 4711.000000, -201.539490, 200.945267, 4706.014648
-278.000000, 287.000000, 4711.000000, -219.644104, 223.142639, 4715.985352
-157.000000, 139.000000, 4667.000000, -198.686996, 197.524368, 4710.724121
-157.000000, 139.000000, 4667.000000, -183.436813, 178.859177, 4706.789062
-157.000000, 139.000000, 4667.000000, -172.351974, 165.269058, 4703.822754
-157.000000, 139.000000, 4667.000000, -164.307220, 155.383179, 4701.564453
96.000000, 57.000000, 4803.000000, -86.968269, 125.022820, 4738.265625
96.000000, 57.000000, 4803.000000, -30.597351, 102.906830, 4764.944824
96.000000, 57.000000, 4803.000000, 10.468671, 86.808403, 4784.309082
96.000000, 57.000000, 4803.000000, 40.363605, 75.102089, 4798.334961
96.000000, 57.000000, 4803.000000, 62.104931, 66.601395, 4808.465332
388.000000, -50.000000, 4698.000000, 160.429535, 30.196499, 4786.074707
388.000000, -50.000000, 4698.000000, 232.080063, 3.681821, 4769.639648
388.000000, -50.000000, 4698.000000, 284.260895, -15.614021, 4757.553223
388.000000, -50.000000, 4698.000000, 322.230896, -29.641001, 4748.641602
388.000000, -50.000000, 4698.000000, 349.828766, -39.822506, 4742.048340
914.000000, -401.000000, 4713.000000, 518.527527, -146.405746, 4741.387695
914.000000, -401.000000, 4713.000000, 641.476562, -224.098785, 4740.816895
914.000000, -401.000000, 4713.000000, 731.032349, -280.704346, 4740.312012
914.000000, -401.000000, 4713.000000, 796.214294, -321.917999, 4739.856934
993.000000, -228.000000, 4357.000000, 865.934753, -303.000732, 4638.818848
993.000000, -228.000000, 4357.000000, 916.629822, -289.113464, 4565.032227
993.000000, -228.000000, 4357.000000, 953.439087, -278.898590, 4511.138184
993.000000, -228.000000, 4357.000000, 980.114075, -271.365143, 4471.765137
993.000000, -228.000000, 4357.000000, 999.393372, -265.789703, 4442.992188
1181.000000, -197.000000, 4249.000000, 1066.411011, -252.882614, 4391.432617
1181.000000, -197.000000, 4249.000000, 1115.114624, -243.390625, 4353.780762
1181.000000, -197.000000, 4249.000000, 1150.451904, -236.392136, 4326.280762
1181.000000, -197.000000, 4249.000000, 1176.034424, -231.214462, 4306.191406
894.000000, 90.000000, 3129.000000, 1113.383789, -146.252106, 3974.967529
894.000000, 90.000000, 3129.000000, 1067.485352, -84.207520, 3733.336914
894.000000, 90.000000, 3129.000000, 1033.816772, -38.892090, 3557.104248
894.000000, 90.000000, 3129.000000, 1009.076965, -5.788428, 3428.607666
894.000000, 90.000000, 3129.000000, 990.856262, 18.400940, 3334.955078
637.000000, 361.000000, 2887.000000, 904.761414, 112.674026, 3198.340576
637.000000, 361.000000, 2887.000000, 841.794739, 181.474304, 3098.794922
637.000000, 361.000000, 2887.000000, 795.711792, 231.680710, 3026.306396
637.000000, 361.000000, 2887.000000, 761.954285, 268.314545, 2973.566650
12.000000, 767.000000, 2736.000000, 560.557434, 409.784821, 2892.565430
12.000000, 767.000000, 2736.000000, 413.521149, 512.978210, 2833.630615
12.000000, 767.000000, 2736.000000, 306.165771, 588.231934, 2790.801758
12.000000, 767.000000, 2736.000000, 227.775970, 643.091553, 2759.727783
12.000000, 767.000000, 2736.000000, 170.530029, 683.065063, 2737.232666
-781.000000, 835.000000, 3014.000000, -95.395851, 731.390808, 2799.565186
-781.000000, 835.000000, 3014.000000, -289.418701, 766.586182, 2845.208984
-781.000000, 835.000000, 3014.000000, -430.956421, 792.197632, 2878.669189
-781.000000, 835.000000, 3014.000000, -534.183105, 810.813965, 2903.234863
-781.000000, 835.000000, 3014.000000, -609.445190, 824.324829, 2921.306641
-1503.000000, 1026.000000, 3465.000000, -868.340820, 888.088562, 3062.095215
-1503.000000, 1026.000000, 3465.000000, -1057.130737, 934.528564, 3164.936279
-1503.000000, 1026.000000, 3465.000000, -1194.748413, 968.323914, 3240.077148
-1503.000000, 1026.000000, 3465.000000, -1295.014160, 992.890198, 3294.997559
-1554.000000, 706.000000, 3519.000000, -1382.429321, 920.285645, 3350.417969
-1554.000000, 706.000000, 3519.000000, -1446.045410, 867.232971, 3390.933838
-1554.000000, 706.000000, 3519.000000, -1492.290771, 828.452820, 3420.569824
-1554.000000, 706.000000, 3519.000000, -1525.857910, 800.091370, 3442.263428
-1554.000000, 706.000000, 3519.000000, -1550.172241, 779.335571, 3458.158691
-2857.000000, 1034.000000, 4917.000000, -1935.969604, 856.826782, 3864.904297
-2857.000000, 1034.000000, 4917.000000, -2217.210205, 913.291931, 4161.666016
-2857.000000, 1034.000000, 4917.000000, -2422.132324, 954.409973, 4378.145996
-2857.000000, 1034.000000, 4917.000000, -2571.348877, 984.326111, 4536.025879
-2857.000000, 1034.000000, 4917.000000, -2679.906006, 1006.066223, 4651.130859
-1765.000000, 437.000000, 3698.000000, -2450.184082, 853.125000, 4390.520020
-1765.000000, 437.000000, 3698.000000, -2282.297852, 741.475830, 4200.325195
-1765.000000, 437.000000, 3698.000000, -2159.550537, 659.968018, 4061.530518
-1765.000000, 437.000000, 3698.000000, -2069.754395, 600.462036, 3960.254883
-882.000000, 385.000000, 3857.000000, -1754.475952, 542.321289, 3931.299805
-882.000000, 385.000000, 3857.000000, -1524.272095, 499.879883, 3910.178467
-882.000000, 385.000000, 3857.000000, -1356.169434, 468.898346, 3894.775146
-882.000000, 385.000000, 3857.000000, -1233.398193, 446.282013, 3883.545654
-882.000000, 385.000000, 3857.000000, -1143.717529, 429.771881, 3875.362793
-1608.000000, 508.000000, 4534.000000, -1283.358765, 452.478699, 4060.723145
-1608.000000, 508.000000, 4534.000000, -1385.123291, 469.034668, 4195.943359
-1608.000000, 508.000000, 4534.000000, -1459.241089, 481.100952, 4294.564453
-1608.000000, 508.000000, 4534.000000, -1513.179443, 489.890137, 4366.471191
-762.000000, 326.000000, 3926.000000, -1313.312134, 444.854706, 4247.058594
-762.000000, 326.000000, 3926.000000, -1167.379028, 411.988922, 4159.899414
-762.000000, 326.000000, 3926.000000, -1060.815918, 388.006317, 4096.283691
-762.000000, 326.000000, 3926.000000, -982.991516, 370.508026, 4049.853760
-762.000000, 326.000000, 3926.000000, -926.145447, 357.742920, 4015.968506
-679.000000, 306.000000, 4041.000000, -861.157471, 342.780823, 4023.738770
-679.000000, 306.000000, 4041.000000, -813.694153, 331.869781, 4029.400391
-679.000000, 306.000000, 4041.000000, -779.023254, 323.915710, 4033.522705
-679.000000, 306.000000, 4041.000000, -753.690491, 318.120026, 4036.521729
-679.000000, 306.000000, 4041.000000, -735.174377, 313.899811, 4038.700928
-556.000000, 383.000000, 3935.000000, -686.875366, 332.589203, 4010.326660
-556.000000, 383.000000, 3935.000000, -651.613220, 346.230682, 3989.620117
-556.000000, 383.000000, 3935.000000, -625.867493, 356.187408, 3974.510742
-556.000000, 383.000000, 3935.000000, -607.068420, 363.454407, 3963.486572
-556.000000, 383.000000, 3935.000000, -593.340210, 368.758087, 3955.444824
-531.000000, 402.000000, 3834.000000, -576.248779, 377.997894, 3921.038086
-531.000000, 402.000000, 3834.000000, -563.770813, 384.738892, 3895.942383
-531.000000, 402.000000, 3834.000000, -554.660583, 389.655945, 3877.643066
-531.000000, 402.000000, 3834.000000, -548.008667, 393.241608, 3864.304932
-913.000000, 379.000000, 3956.000000, -651.101013, 389.355865, 3889.063965
-913.000000, 379.000000, 3956.000000, -726.296875, 386.519287, 3907.138184
-913.000000, 379.000000, 3956.000000, -781.130005, 384.448578, 3920.332764
-913.000000, 379.000000, 3956.000000, -821.099915, 382.936890, 3929.965576
-913.000000, 379.000000, 3956.000000, -850.220825, 381.833282, 3936.998535
-635.000000, 349.000000, 3623.000000, -792.862976, 372.549866, 3848.031006
-635.000000, 349.000000, 3623.000000, -750.980286, 365.777618, 3783.138184
-635.000000, 349.000000, 3623.000000, -720.393860, 360.838348, 3735.818359
-635.000000, 349.000000, 3623.000000, -698.053345, 357.237030, 3701.325439
-829.000000, 438.000000, 4017.000000, -736.554443, 379.762787, 3787.535156
-829.000000, 438.000000, 4017.000000, -764.617004, 396.196777, 3850.455078
-829.000000, 438.000000, 4017.000000, -785.060364, 408.184174, 3896.374512
-829.000000, 438.000000, 4017.000000, -799.942444, 416.925812, 3929.884521
-829.000000, 438.000000, 4017.000000, -810.765442, 423.298279, 3954.336182
-950.000000, 528.000000, 3891.000000, -852.818970, 453.374359, 3936.569580
-950.000000, 528.000000, 3891.000000, -883.459229, 475.307190, 3923.610107
-950.000000, 528.000000, 3891.000000, -905.768860, 491.295990, 3914.159424
-950.000000, 528.000000, 3891.000000, -921.997986, 502.946106, 3907.269775
-1189.000000, 530.000000, 4318.000000, -1001.327576, 511.994537, 4022.914551
-1189.000000, 530.000000, 4318.000000, -1059.145386, 518.578552, 4107.277344
-1189.000000, 530.000000, 4318.000000, -1101.261230, 523.363953, 4168.805664
-1189.000000, 530.000000, 4318.000000, -1131.916260, 526.836548, 4213.666992
-1189.000000, 530.000000, 4318.000000, -1154.206299, 529.351013, 4246.361816
-1399.000000, 511.000000, 3734.000000, -1229.734131, 525.797180, 4105.145996
-1399.000000, 511.000000, 3734.000000, -1284.750610, 523.185852, 4002.098633
-1399.000000, 511.000000, 3734.000000, -1324.795654, 521.262573, 3926.912354
-1399.000000, 511.000000, 3734.000000, -1353.913330, 519.841797, 3872.062744
-1399.000000, 511.000000, 3734.000000, -1375.055664, 518.787964, 3832.057861
-977.000000, 396.000000, 4010.000000, -1271.125977, 485.504730, 3880.882324
-977.000000, 396.000000, 4010.000000, -1195.212646, 461.209625, 3916.514404
-977.000000, 396.000000, 4010.000000, -1139.750610, 443.475464, 3942.516602
-977.000000, 396.000000, 4010.000000, -1099.217407, 430.530518, 3961.489502
-1384.000000, 362.000000, 4243.000000, -1184.594360, 411.473572, 4041.173828
-1384.000000, 362.000000, 4243.000000, -1246.809570, 397.567932, 4099.298828
-1384.000000, 362.000000, 4243.000000, -1292.118774, 387.422546, 4141.687012
-1384.000000, 362.000000, 4243.000000, -1325.088379, 380.021881, 4172.587891
-1384.000000, 362.000000, 4243.000000, -1349.051514, 374.624725, 4195.104004
-923.000000, 195.000000, 4033.000000, -1236.169678, 323.498322, 4152.157227
-923.000000, 195.000000, 4033.000000, -1153.736328, 286.207397, 4120.799316
-923.000000, 195.000000, 4033.000000, -1093.529541, 259.015503, 4097.900391
-923.000000, 195.000000, 4033.000000, -1049.547241, 239.195175, 4081.176514
-923.000000, 195.000000, 4033.000000, -1017.408691, 224.755539, 4068.959961
-1171.000000, 134.000000, 3861.000000, -1063.996704, 197.005676, 4011.429199
-1171.000000, 134.000000, 3861.000000, -1097.935303, 176.786148, 3969.450684
-1171.000000, 134.000000, 3861.000000, -1122.641113, 162.063126, 3938.824219
-1171.000000, 134.000000, 3861.000000, -1140.607910, 151.351974, 3916.484131
-609.000000, -120.000000, 3843.000000, -994.844055, 71.792633, 3895.105957
-609.000000, -120.000000, 3843.000000, -888.458191, 13.789961, 3879.519287
-609.000000, -120.000000, 3843.000000, -810.816467, -28.477970, 3868.159668
-609.000000, -120.000000, 3843.000000, -754.156616, -59.260864, 3859.885498
-609.000000, -120.000000, 3843.000000, -712.812500, -81.660812, 3853.863525
-645.000000, -17.000000, 3839.000000, -692.821167, -68.836075, 3848.354980
-645.000000, -17.000000, 3839.000000, -678.238098, -59.420509, 3844.351807
-645.000000, -17.000000, 3839.000000, -667.602905, -52.493961, 3841.447510
-645.000000, -17.000000, 3839.000000, -659.849426, -47.384754, 3839.345215
-1183.000000, -61.000000, 4050.000000, -806.229431, -56.036266, 3897.453125
-1183.000000, -61.000000, 4050.000000, -913.012329, -62.292927, 3939.856201
-1183.000000, -61.000000, 4050.000000, -990.891785, -66.801964, 3970.795410
-1183.000000, -61.000000, 4050.000000, -1047.673706, -70.035843, 3993.366943
-1183.000000, -61.000000, 4050.000000, -1089.056030, -72.339417, 4009.830322
-1447.000000, 10.000000, 4269.000000, -1193.800049, -53.901009, 4083.720947
-1447.000000, 10.000000, 4269.000000, -1270.155762, -40.396053, 4137.613770
-1447.000000, 10.000000, 4269.000000, -1325.790405, -30.492710, 4176.909180
-1447.000000, 10.000000, 4269.000000, -1366.300415, -23.218796, 4205.549805
-1447.000000, 10.000000, 4269.000000, -1395.771118, -17.864647, 4226.412598
-1017.000000, -206.000000, 4215.000000, -1295.673950, -74.950203, 4226.339844
-1017.000000, -206.000000, 4215.000000, -1222.571655, -116.545212, 4226.251953
-1017.000000, -206.000000, 4215.000000, -1169.174927, -146.833481, 4226.153809
-1017.000000, -206.000000, 4215.000000, -1130.162598, -168.869034, 4226.048340
-1174.000000, -30.000000, 4199.000000, -1146.016357, -135.146515, 4221.416016
-1174.000000, -30.000000, 4199.000000, -1157.531982, -110.483788, 4218.003906
-1174.000000, -30.000000, 4199.000000, -1165.881470, -92.434738, 4215.482422
-1174.000000, -30.000000, 4199.000000, -1171.920532, -79.213799, 4213.610840
-1174.000000, -30.000000, 4199.000000, -1176.273682, -69.517586, 4212.214844
-913.000000, 71.000000, 4056.000000, -1105.642578, -33.853825, 4170.756836
-913.000000, 71.000000, 4056.000000, -1054.068604, -7.790789, 4140.484863
-913.000000, 71.000000, 4056.000000, -1016.405884, 11.263865, 4118.378906
-913.000000, 71.000000, 4056.000000, -988.897888, 25.202423, 4102.233398
-976.000000, 104.000000, 3877.000000, -986.605347, 44.731407, 4039.856934
-976.000000, 104.000000, 3877.000000, -984.907349, 59.010868, 3994.342041
-976.000000, 104.000000, 3877.000000, -983.643677, 69.458176, 3961.135254
-976.000000, 104.000000, 3877.000000, -982.697327, 77.107941, 3936.912598
-571.000000, 70.000000, 4120.000000, -867.536926, 73.107582, 3987.915283
-571.000000, 70.000000, 4120.000000, -783.510132, 70.215630, 4025.126465
-571.000000, 70.000000, 4120.000000, -722.209290, 68.132492, 4052.270508
-571.000000, 70.000000, 4120.000000, -677.497131, 66.639465, 4072.066406
-926.000000, 166.000000, 4178.000000, -745.210510, 92.704857, 4102.888184
-926.000000, 166.000000, 4178.000000, -794.621216, 111.744591, 4125.360352
-926.000000, 166.000000, 4178.000000, -830.672058, 125.655754, 4141.738281
-926.000000, 166.000000, 4178.000000, -856.971008, 135.823151, 4153.667480
-698.000000, 171.000000, 4129.000000, -811.722961, 144.670532, 4148.503418
-698.000000, 171.000000, 4129.000000, -778.710815, 151.140579, 4144.715332
-698.000000, 171.000000, 4129.000000, -754.630249, 155.875137, 4141.932129
-698.000000, 171.000000, 4129.000000, -737.069214, 159.342743, 4139.882812
-698.000000, 171.000000, 4129.000000, -724.267090, 161.885391, 4138.369141
-874.000000, 184.000000, 4050.000000, -764.673218, 167.426285, 4114.922363
-874.000000, 184.000000, 4050.000000, -794.158997, 171.480179, 4097.801270
-874.000000, 184.000000, 4050.000000, -815.673584, 174.448532, 4085.297852
-874.000000, 184.000000, 4050.000000, -831.369690, 176.624344, 4076.165039
-182.000000, -12.000000, 4062.000000, -647.271667, 122.835381, 4072.883789
-182.000000, -12.000000, 4062.000000, -512.980042, 83.608986, 4070.480957
-182.000000, -12.000000, 4062.000000, -415.044128, 55.012249, 4068.719727
-182.000000, -12.000000, 4062.000000, -343.645508, 34.174332, 4067.426758
-182.000000, -12.000000, 4062.000000, -291.617126, 18.999630, 4066.475586
-93.000000, 52.000000, 4186.000000, -228.577652, 26.043749, 4100.814453
-93.000000, 52.000000, 4186.000000, -182.662537, 31.211733, 4125.854980
-93.000000, 52.000000, 4186.000000, -149.246597, 35.009960, 4144.108887
-93.000000, 52.000000, 4186.000000, -124.953697, 37.808064, 4157.408691
-93.000000, 52.000000, 4186.000000, -107.319382, 39.875858, 4167.092285
-78.000000, 242.000000, 4323.000000, -90.306000, 95.100975, 4212.851074
-78.000000, 242.000000, 4323.000000, -77.985977, 135.410172, 4246.208984
-78.000000, 242.000000, 4323.000000, -69.091080, 164.831421, 4270.515625
-78.000000, 242.000000, 4323.000000, -62.695564, 186.304947, 4288.215332
156.000000, 208.000000, 4426.000000, 8.000615, 192.369171, 4330.198730
156.000000, 208.000000, 4426.000000, 59.476086, 196.798019, 4360.788086
156.000000, 208.000000, 4426.000000, 96.922401, 200.033051, 4383.060547
156.000000, 208.000000, 4426.000000, 124.129166, 202.396591, 4399.262207
156.000000, 208.000000, 4426.000000, 143.862595, 204.123917, 4411.033203
-155.000000, 378.000000, 4272.000000, 70.258728, 253.425812, 4376.052734
-155.000000, 378.000000, 4272.000000, 16.451994, 289.391357, 4350.486816
-155.000000, 378.000000, 4272.000000, -22.903080, 315.622162, 4331.792969
-155.000000, 378.000000, 4272.000000, -51.708439, 334.747162, 4318.115234
-155.000000, 378.000000, 4272.000000, -72.812340, 348.685486, 4308.100098
-209.000000, 308.000000, 4036.000000, -103.553345, 339.057098, 4234.069336
-209.000000, 308.000000, 4036.000000, -126.061089, 332.017120, 4180.033691
-209.000000, 308.000000, 4036.000000, -142.558350, 326.866638, 4140.593262
-209.000000, 308.000000, 4036.000000, -154.667664, 323.095490, 4111.806641
-261.000000, 361.000000, 4031.000000, -178.267700, 335.308105, 4089.384033
-261.000000, 361.000000, 4031.000000, -195.553070, 344.203674, 4073.020508
-261.000000, 361.000000, 4031.000000, -208.228531, 350.678101, 4061.080078
-261.000000, 361.000000, 4031.000000, -217.538452, 355.385345, 4052.367920
-261.000000, 361.000000, 4031.000000, -224.391205, 358.802765, 4046.012451
-447.000000, 350.000000, 3760.000000, -282.010193, 358.170380, 3964.797363
-447.000000, 350.000000, 3760.000000, -324.098541, 357.691956, 3905.557373
-447.000000, 350.000000, 3760.000000, -354.849976, 357.326019, 3862.357422
-447.000000, 350.000000, 3760.000000, -377.325714, 357.042328, 3830.865723
-447.000000, 350.000000, 3760.000000, -393.760345, 356.818787, 3807.920166
-649.000000, 771.000000, 4428.000000, -462.866699, 475.606567, 3979.978027
-649.000000, 771.000000, 4428.000000, -513.309875, 562.239258, 4105.517090
-649.000000, 771.000000, 4428.000000, -550.129822, 625.400818, 4197.100098
-649.000000, 771.000000, 4428.000000, -577.005493, 671.430176, 4263.897949
-549.000000, 547.000000, 4057.000000, -568.363953, 641.655945, 4207.765137
-549.000000, 547.000000, 4057.000000, -562.069214, 619.880066, 4166.791504
-549.000000, 547.000000, 4057.000000, -557.487427, 603.942932, 4136.883301
-549.000000, 547.000000, 4057.000000, -554.155884, 592.268188, 4115.051758
-549.000000, 547.000000, 4057.000000, -551.736877, 583.705078, 4099.116211
-837.000000, 647.000000, 3634.000000, -631.367615, 605.671997, 3967.952148
-837.000000, 647.000000, 3634.000000, -689.465454, 621.652039, 3872.270020
-837.000000, 647.000000, 3634.000000, -731.845459, 633.262390, 3802.487549
-837.000000, 647.000000, 3634.000000, -762.752502, 641.683533, 3751.610107
-837.000000, 647.000000, 3634.000000, -785.285034, 647.777222, 3714.531738
-531.000000, 320.000000, 3763.000000, -715.234375, 559.767822, 3723.979004
-531.000000, 320.000000, 3763.000000, -664.117065, 495.519684, 3730.915283
-531.000000, 320.000000, 3763.000000, -626.820007, 448.616241, 3736.018555
-531.000000, 320.000000, 3763.000000, -599.611023, 414.373627, 3739.783447
-742.000000, 569.000000, 3976.000000, -639.390625, 459.735992, 3802.760986
-742.000000, 569.000000, 3976.000000, -668.413269, 492.807343, 3848.740234
-742.000000, 569.000000, 3976.000000, -689.583984, 516.907166, 3882.311279
-742.000000, 569.000000, 3976.000000, -705.023254, 534.458557, 3906.824707
-742.000000, 569.000000, 3976.000000, -716.278931, 547.230164, 3924.726318
-528.000000, 356.000000, 3934.000000, -664.008240, 496.322998, 3925.933350
-528.000000, 356.000000, 3934.000000, -625.869873, 459.154510, 3926.828613
-528.000000, 356.000000, 3934.000000, -598.047363, 432.014709, 3927.495850
-528.000000, 356.000000, 3934.000000, -577.754761, 412.195435, 3927.996826
-528.000000, 356.000000, 3934.000000, -562.958496, 397.719879, 3928.376465
-379.000000, 87.000000, 3640.000000, -510.069305, 311.130219, 3845.587891
-379.000000, 87.000000, 3640.000000, -471.500244, 247.954361, 3785.211914
-379.000000, 87.000000, 3640.000000, -443.383881, 201.869171, 3741.195557
-379.000000, 87.000000, 3640.000000, -422.897156, 168.259125, 3709.120605
-22.000000, -382.000000, 3312.000000, -307.097260, 11.223670, 3593.074707
-22.000000, -382.000000, 3312.000000, -222.656464, -103.307785, 3508.467773
-22.000000, -382.000000, 3312.000000, -161.105591, -186.814148, 3446.809082
-22.000000, -382.000000, 3312.000000, -116.262535, -247.674484, 3401.900879
-22.000000, -382.000000, 3312.000000, -83.614632, -292.005127, 3369.218506
43.000000, -325.000000, 2975.000000, -41.499973, -308.163422, 3250.229248
43.000000, -325.000000, 2975.000000, -10.851547, -319.873505, 3163.518066
43.000000, -325.000000, 2975.000000, 11.427896, -328.337372, 3100.367188
43.000000, -325.000000, 2975.000000, 27.599194, -334.432373, 3054.413086
43.000000, -325.000000, 2975.000000, 39.312645, -338.798920, 3021.010498
-108.000000, -344.000000, 2999.000000, 5.102840, -347.273621, 3003.550537
-108.000000, -344.000000, 2999.000000, -19.936169, -353.375977, 2990.941406
-108.000000, -344.000000, 2999.000000, -38.280315, -357.747406, 2981.871826
-108.000000, -344.000000, 2999.000000, -51.736916, -360.856049, 2975.385010
-560.000000, -49.000000, 2844.000000, -189.352829, -279.681641, 2926.981689
-560.000000, -49.000000, 2844.000000, -289.805878, -220.389816, 2891.802734
-560.000000, -49.000000, 2844.000000, -363.131714, -177.071640, 2866.275879
-560.000000, -49.000000, 2844.000000, -416.655945, -145.413818, 2847.792969
-560.000000, -49.000000, 2844.000000, -455.725891, -122.267883, 2834.450684
-860.000000, 196.000000, 3440.000000, -569.019836, -36.102669, 2993.279053
-860.000000, 196.000000, 3440.000000, -651.675537, 26.795092, 3109.277100
-860.000000, 196.000000, 3440.000000, -711.967163, 72.708656, 3194.010254
-860.000000, 196.000000, 3440.000000, -755.934326, 106.224525, 3255.920898
-860.000000, 196.000000, 3440.000000, -787.985779, 130.690613, 3301.171631
-562.000000, 23.000000, 3893.000000, -727.129883, 99.663826, 3462.271240
-562.000000, 23.000000, 3893.000000, -682.709106, 77.041672, 3579.858887
-562.000000, 23.000000, 3893.000000, -650.285095, 60.554249, 3665.684814
-562.000000, 23.000000, 3893.000000, -626.618103, 48.544636, 3728.326172
-15.000000, -430.000000, 3508.000000, -454.770264, -88.206917, 3665.249512
-15.000000, -430.000000, 3508.000000, -329.409271, -187.938873, 3619.254639
-15.000000, -430.000000, 3508.000000, -237.980774, -260.649078, 3585.728027
-15.000000, -430.000000, 3508.000000, -171.320679, -313.635468, 3561.302246
-15.000000, -430.000000, 3508.000000, -122.739655, -352.225250, 3543.519043
329.000000, -140.000000, 4040.000000, 9.853913, -298.357758, 3680.918945
329.000000, -140.000000, 4040.000000, 106.515076, -258.992645, 3781.183105
329.000000, -140.000000, 4040.000000, 176.948410, -230.213974, 3854.340576
329.000000, -140.000000, 4040.000000, 228.237762, -209.163345, 3907.711426
-27.000000, 122.000000, 4744.000000, 164.954315, -119.717361, 4145.578125
-27.000000, 122.000000, 4744.000000, 118.690277, -54.421059, 4319.077637
-27.000000, 122.000000, 4744.000000, 84.850266, -6.752975, 4445.593750
-27.000000, 122.000000, 4744.000000, 60.079842, 28.047258, 4537.814941
-27.000000, 122.000000, 4744.000000, 41.930435, 53.454483, 4605.003906
-658.000000, 345.000000, 4136.000000, -149.695557, 135.021317, 4482.110352
-658.000000, 345.000000, 4136.000000, -289.549377, 194.533615, 4392.365234
-658.000000, 345.000000, 4136.000000, -391.612152, 237.947372, 4326.817383
-658.000000, 345.000000, 4136.000000, -466.089386, 269.610138, 4278.932129
-658.000000, 345.000000, 4136.000000, -520.430664, 292.695435, 4243.940918
-1035.000000, 390.000000, 4553.000000, -666.607788, 322.236023, 4336.198242
-1035.000000, 390.000000, 4553.000000, -773.232605, 343.766144, 4403.444824
-1035.000000, 390.000000, 4553.000000, -850.986633, 359.449249, 4452.435059
-1035.000000, 390.000000, 4553.000000, -907.666992, 370.864532, 4488.099609
-1291.000000, 135.000000, 4145.000000, -1021.306641, 307.105927, 4398.744141
-1291.000000, 135.000000, 4145.000000, -1104.146118, 260.569794, 4333.483398
-1291.000000, 135.000000, 4145.000000, -1164.504028, 226.605179, 4285.811523
-1291.000000, 135.000000, 4145.000000, -1208.452148, 201.817093, 4250.978516
-1291.000000, 135.000000, 4145.000000, -1240.422974, 183.727386, 4225.517578
-1190.000000, 31.000000, 5000.000000, -1235.110840, 141.138367, 4448.507324
-1190.000000, 31.000000, 5000.000000, -1231.140381, 110.069664, 4611.122070
-1190.000000, 31.000000, 5000.000000, -1228.150024, 87.410042, 4729.666992
-1190.000000, 31.000000, 5000.000000, -1225.875854, 70.888451, 4816.044922
-1190.000000, 31.000000, 5000.000000, -1224.125366, 58.847141, 4878.943848
-810.000000, -96.000000, 4817.000000, -1115.375854, 14.187869, 4872.992676
-810.000000, -96.000000, 4817.000000, -1035.959717, -18.374687, 4868.523926
-810.000000, -96.000000, 4817.000000, -977.955750, -42.107574, 4865.139160
-810.000000, -96.000000, 4817.000000, -935.581970, -59.395573, 4862.546387
-564.000000, -41.000000, 4903.000000, -835.102173, -56.437336, 4884.834961
-564.000000, -41.000000, 4903.000000, -761.759033, -54.250702, 4900.972656
-564.000000, -41.000000, 4903.000000, -708.224365, -52.627567, 4912.621094
-564.000000, -41.000000, 4903.000000, -669.148926, -51.416035, 4920.994141
-564.000000, -41.000000, 4903.000000, -640.627991, -50.505219, 4926.977051
-541.000000, 161.000000, 4859.000000, -613.311890, 7.267797, 4918.783203
-541.000000, 161.000000, 4859.000000, -593.377991, 49.436142, 4912.681641
-541.000000, 161.000000, 4859.000000, -578.832642, 80.213814, 4908.108887
-541.000000, 161.000000, 4859.000000, -568.220703, 102.676834, 4904.652832
-629.000000, 320.000000, 4616.000000, -585.347229, 164.001419, 4833.344727
-629.000000, 320.000000, 4616.000000, -597.841431, 208.739273, 4781.212891
-629.000000, 320.000000, 4616.000000, -606.954285, 241.369812, 4743.078613
-629.000000, 320.000000, 4616.000000, -613.598938, 265.162781, 4715.162598
-629.000000, 320.000000, 4616.000000, -618.442017, 282.504913, 4694.707031
-432.000000, 371.000000, 5091.000000, -566.301025, 309.550232, 4813.924805
-432.000000, 371.000000, 5091.000000, -528.261963, 329.259491, 4900.802246
-432.000000, 371.000000, 5091.000000, -500.516357, 343.613983, 4964.074219
-432.000000, 371.000000, 5091.000000, -480.284332, 354.060028, 5010.116699
-432.000000, 371.000000, 5091.000000, -465.536682, 361.653351, 5043.583496
-701.000000, 686.000000, 6821.000000, -530.807312, 456.178558, 5556.742676
-701.000000, 686.000000, 6821.000000, -578.433289, 525.100708, 5930.935547
-701.000000, 686.000000, 6821.000000, -613.179749, 575.334473, 6203.693359
-701.000000, 686.000000, 6821.000000, -638.524902, 611.927246, 6402.411133
-701.000000, 686.000000, 6821.000000, -657.007690, 638.563416, 6547.087402
-903.000000, 580.000000, 5069.000000, -727.563416, 627.978455, 6157.231445
-903.000000, 580.000000, 5069.000000, -779.018921, 620.193604, 5872.536133
-903.000000, 580.000000, 5069.000000, -816.532593, 614.453247, 5664.604492
-903.000000, 580.000000, 5069.000000, -843.869812, 610.205750, 5512.707031
-1060.000000, 595.000000, 4662.000000, -908.144836, 611.287231, 5286.701660
-1060.000000, 595.000000, 4662.000000, -954.994690, 612.018188, 5121.672363
-1060.000000, 595.000000, 4662.000000, -989.125549, 612.493713, 5001.153809
-1060.000000, 595.000000, 4662.000000, -1013.972778, 612.783264, 4913.125977
-411.000000, 513.000000, 3921.000000, -848.646790, 589.765686, 4639.420898
-411.000000, 513.000000, 3921.000000, -727.994812, 572.919250, 4439.682617
-411.000000, 513.000000, 3921.000000, -639.952454, 560.577820, 4293.936035
-411.000000, 513.000000, 3921.000000, -575.713379, 551.525208, 4187.600586
-411.000000, 513.000000, 3921.000000, -528.849304, 544.873657, 4110.032715
-185.000000, 604.000000, 3823.000000, -430.803802, 565.690369, 4025.770508
-185.000000, 604.000000, 3823.000000, -359.294769, 580.829590, 3964.328369
-185.000000, 604.000000, 3823.000000, -307.155548, 591.825012, 3919.543701
-185.000000, 604.000000, 3823.000000, -269.154877, 599.796204, 3886.917725
-185.000000, 604.000000, 3823.000000, -241.474136, 605.560242, 3863.166504
-561.000000, 798.000000, 3377.000000, -327.577728, 664.535095, 3719.860352
-561.000000, 798.000000, 3377.000000, -390.431915, 707.502380, 3615.381348
-561.000000, 798.000000, 3377.000000, -436.315125, 738.785583, 3539.243164
-561.000000, 798.000000, 3377.000000, -469.810303, 761.540710, 3483.791504
-605.000000, 833.000000, 3457.000000, -506.696533, 787.961975, 3466.045654
-605.000000, 833.000000, 3457.000000, -533.617981, 807.164490, 3453.203857
-605.000000, 833.000000, 3457.000000, -553.265625, 821.098389, 3443.941406
-605.000000, 833.000000, 3457.000000, -567.603760, 831.187195, 3437.290283
-605.000000, 833.000000, 3457.000000, -578.066223, 838.470032, 3432.544678
-902.000000, 772.000000, 3346.000000, -669.627319, 826.467651, 3397.822021
-902.000000, 772.000000, 3346.000000, -736.416077, 817.635193, 3372.599854
-902.000000, 772.000000, 3346.000000, -785.122620, 811.117310, 3354.311523
-902.000000, 772.000000, 3346.000000, -820.630432, 806.289612, 3341.083252
-902.000000, 772.000000, 3346.000000, -846.504150, 802.696228, 3331.548096
-967.000000, 812.000000, 3580.000000, -883.713867, 811.307861, 3390.832275
-967.000000, 812.000000, 3580.000000, -910.821350, 817.520081, 3434.191406
-967.000000, 812.000000, 3580.000000, -930.555115, 821.981445, 3465.925781
-967.000000, 812.000000, 3580.000000, -944.906921, 825.165527, 3489.173828
-475.000000, 443.000000, 3393.000000, -816.298950, 723.144043, 3453.383057
-475.000000, 443.000000, 3393.000000, -722.440308, 648.655334, 3427.366455
-475.000000, 443.000000, 3393.000000, -653.946899, 594.264343, 3408.483887
-475.000000, 443.000000, 3393.000000, -603.968628, 554.543884, 3394.807861
-475.000000, 443.000000, 3393.000000, -567.505432, 525.532471, 3384.931396
-510.000000, 313.000000, 2925.000000, -550.797852, 467.602203, 3245.577637
-510.000000, 313.000000, 2925.000000, -538.615295, 425.317596, 3144.028320
-510.000000, 313.000000, 2925.000000, -529.735596, 394.453613, 3070.072754
-510.000000, 313.000000, 2925.000000, -523.266724, 371.926086, 3016.258057
-36.000000, -46.000000, 2489.000000, -384.612366, 254.035843, 2853.936279
-36.000000, -46.000000, 2489.000000, -283.482452, 168.035217, 2735.678467
-36.000000, -46.000000, 2489.000000, -209.742874, 105.312050, 2649.583008
-36.000000, -46.000000, 2489.000000, -155.996185, 59.579849, 2586.962646
-36.000000, -46.000000, 2489.000000, -116.842667, 26.249807, 2541.476074
157.000000, -77.000000, 2487.000000, -33.801842, -6.787819, 2507.928955
157.000000, -77.000000, 2487.000000, 26.708523, -30.847815, 2483.660645
157.000000, -77.000000, 2487.000000, 70.773674, -48.355026, 2466.163818
157.000000, -77.000000, 2487.000000, 102.835533, -61.079479, 2453.607666
157.000000, -77.000000, 2487.000000, 126.136482, -70.313202, 2444.656006
597.000000, -75.000000, 2868.000000, 267.380768, -76.434143, 2545.998535
597.000000, -75.000000, 2868.000000, 370.317902, -80.848801, 2620.128662
597.000000, -75.000000, 2868.000000, 445.294128, -84.018394, 2674.394043
597.000000, -75.000000, 2868.000000, 499.861694, -86.279594, 2714.157227
1111.000000, 7.000000, 3253.000000, 684.782166, -64.706169, 2852.128662
1111.000000, 7.000000, 3253.000000, 819.532410, -48.918861, 2952.935303
1111.000000, 7.000000, 3253.000000, 917.662903, -37.355465, 3026.612305
1111.000000, 7.000000, 3253.000000, 989.064758, -28.875647, 3080.485352
1111.000000, 7.000000, 3253.000000, 1040.958008, -22.647013, 3119.901611
686.000000, -38.000000, 3081.000000, 958.514343, -30.778292, 3100.159424
686.000000, -38.000000, 3081.000000, 898.173279, -36.669102, 3085.863037
686.000000, -38.000000, 3081.000000, 853.967468, -40.924854, 3075.541016
686.000000, -38.000000, 3081.000000, 821.541016, -43.987469, 3068.118896
686.000000, -38.000000, 3081.000000, 797.714355, -46.179520, 3062.812500
809.000000, 255.000000, 3039.000000, 814.924561, 35.061024, 3047.180908
809.000000, 255.000000, 3039.000000, 827.315369, 94.363159, 3035.885986
809.000000, 255.000000, 3039.000000, 836.189758, 137.651337, 3027.755615
809.000000, 255.000000, 3039.000000, 842.498962, 169.250107, 3021.933838
809.000000, 255.000000, 3039.000000, 846.937195, 192.316177, 3017.796631
-1555.000000, 499.000000, 3770.000000, 181.979340, 278.104645, 3221.457520
-1555.000000, 499.000000, 3770.000000, -303.230347, 340.691345, 3370.124756
-1555.000000, 499.000000, 3770.000000, -657.234253, 386.342224, 3478.648926
-1555.000000, 499.000000, 3770.000000, -915.465881, 419.631104, 3557.870605
-1212.000000, 297.000000, 3991.000000, -1006.862976, 386.814331, 3678.154297
-1212.000000, 297.000000, 3991.000000, -1073.456909, 362.855408, 3765.927734
-1212.000000, 297.000000, 3991.000000, -1121.946655, 345.362305, 3829.970459
-1212.000000, 297.000000, 3991.000000, -1157.222168, 332.588989, 3876.691162
-1212.000000, 297.000000, 3991.000000, -1182.852905, 323.260925, 3910.767578
-1137.000000, 58.000000, 4483.000000, -1180.250610, 248.909805, 4074.646729
-1137.000000, 58.000000, 4483.000000, -1178.245117, 194.667526, 4194.172363
-1137.000000, 58.000000, 4483.000000, -1176.676147, 155.103455, 4281.323242
-1137.000000, 58.000000, 4483.000000, -1175.426758, 126.253479, 4344.842773
-1348.000000, 138.000000, 4662.000000, -1234.037109, 127.830872, 4441.695801
-1348.000000, 138.000000, 4662.000000, -1276.686768, 129.000107, 4512.273438
-1348.000000, 138.000000, 4662.000000, -1307.687256, 129.871246, 4563.671875
-1348.000000, 138.000000, 4662.000000, -1330.185303, 130.524658, 4601.071777
-1348.000000, 138.000000, 4662.000000, -1346.478149, 131.018982, 4628.253906
-1262.000000, -44.000000, 4262.000000, -1333.940308, 79.966438, 4534.944824
-1262.000000, -44.000000, 4262.000000, -1324.673340, 42.743923, 4466.775391
-1262.000000, -44.000000, 4262.000000, -1317.794800, 15.616273, 4416.957520
-1262.000000, -44.000000, 4262.000000, -1312.660767, -4.143000, 4380.535645
-1262.000000, -44.000000, 4262.000000, -1308.801025, -18.524090, 4353.892578
-844.000000, 3.000000, 3959.000000, -1187.751587, -15.698209, 4248.764648
-844.000000, 3.000000, 3959.000000, -1099.341431, -13.600764, 4172.014160
-844.000000, 3.000000, 3959.000000, -1034.756958, -12.035345, 4115.978027
-844.000000, 3.000000, 3959.000000, -987.564392, -10.858580, 4075.062012
-1150.000000, -45.000000, 3972.000000, -1039.538696, -23.529930, 4048.856934
-1150.000000, -45.000000, 3972.000000, -1077.384888, -32.738976, 4029.714600
-1150.000000, -45.000000, 3972.000000, -1104.919067, -39.421062, 4015.728027
-1150.000000, -45.000000, 3972.000000, -1124.926880, -44.258953, 4005.504883
-1150.000000, -45.000000, 3972.000000, -1139.441528, -47.751026, 3998.028564
-947.000000, 129.000000, 4059.000000, -1092.582275, -1.091116, 4017.142822
-947.000000, 129.000000, 4059.000000, -1058.318115, 32.981865, 4031.069092
-947.000000, 129.000000, 4059.000000, -1033.248169, 57.866882, 4041.208740
-947.000000, 129.000000, 4059.000000, -1014.890198, 76.045021, 4048.584717
-947.000000, 129.000000, 4059.000000, -1001.432068, 89.327339, 4053.943359
-1440.000000, -14.000000, 4077.000000, -1130.866089, 58.626038, 4062.916016
-1440.000000, -14.000000, 4077.000000, -1225.218628, 36.249176, 4069.437988
-1440.000000, -14.000000, 4077.000000, -1293.964722, 19.948437, 4074.171143
-1440.000000, -14.000000, 4077.000000, -1344.020264, 8.082664, 4077.598877
-1412.000000, -109.000000, 4154.000000, -1372.521484, -27.391781, 4101.833008
-1412.000000, -109.000000, 4154.000000, -1393.206665, -53.240303, 4119.484375
-1412.000000, -109.000000, 4154.000000, -1408.187622, -72.062790, 4132.331543
-1412.000000, -109.000000, 4154.000000, -1419.005737, -85.757042, 4141.671875
-1412.000000, -109.000000, 4154.000000, -1426.786255, -95.708344, 4148.453125
-1697.000000, -168.000000, 4548.000000, -1512.887573, -119.600464, 4264.705078
-1697.000000, -168.000000, 4548.000000, -1575.582031, -136.987991, 4349.469727
-1697.000000, -168.000000, 4548.000000, -1621.192017, -149.627991, 4411.251465
-1697.000000, -168.000000, 4548.000000, -1654.332764, -158.802979, 4456.257324
-1697.000000, -168.000000, 4548.000000, -1678.372681, -165.449158, 4489.018066
-1942.000000, -141.000000, 4957.000000, -1765.004639, -162.620071, 4628.419434
-1942.000000, -141.000000, 4957.000000, -1828.057861, -160.508698, 4730.027344
-1942.000000, -141.000000, 4957.000000, -1873.901489, -158.921631, 4804.048828
-1942.000000, -141.000000, 4957.000000, -1907.184692, -157.717728, 4857.935059
-2041.000000, -97.000000, 5379.000000, -1959.276978, -144.360123, 5016.375977
-2041.000000, -97.000000, 5379.000000, -1997.110352, -134.571487, 5131.825684
-2041.000000, -97.000000, 5379.000000, -2024.537109, -127.388382, 5215.895996
-2041.000000, -97.000000, 5379.000000, -2044.369141, -122.107536, 5277.062012
-2041.000000, -97.000000, 5379.000000, -2058.659424, -118.215599, 5321.511719
-1753.000000, -14.000000, 5013.000000, -1987.520996, -91.883171, 5250.333496
-1753.000000, -14.000000, 5013.000000, -1935.452148, -72.637314, 5198.234375
-1753.000000, -14.000000, 5013.000000, -1897.304321, -58.564529, 5160.063477
-1753.000000, -14.000000, 5013.000000, -1869.319580, -48.268074, 5132.060547
-1753.000000, -14.000000, 5013.000000, -1848.754639, -40.728386, 5111.480957
-1622.000000, 77.000000, 4494.000000, -1796.588257, -9.485869, 4949.658691
-1622.000000, 77.000000, 4494.000000, -1758.393311, 13.329793, 4831.475098
-1622.000000, 77.000000, 4494.000000, -1730.397949, 29.994154, 4745.145996
-1622.000000, 77.000000, 4494.000000, -1709.848999, 42.168255, 4682.069336
-1291.000000, 93.000000, 3908.000000, -1601.200317, 55.585960, 4470.371094
-1291.000000, 93.000000, 3908.000000, -1521.828247, 65.387619, 4315.867188
-1291.000000, 93.000000, 3908.000000, -1463.827393, 72.549660, 4203.112305
-1291.000000, 93.000000, 3908.000000, -1421.427124, 77.784805, 4120.831543
-1291.000000, 93.000000, 3908.000000, -1390.415039, 81.613319, 4060.795410
-1241.000000, 265.000000, 3843.000000, -1353.587158, 133.019882, 3998.628418
-1241.000000, 265.000000, 3843.000000, -1326.651123, 170.526215, 3953.283447
-1241.000000, 265.000000, 3843.000000, -1306.936279, 197.886200, 3920.217285
-1241.000000, 265.000000, 3843.000000, -1292.493042, 217.839996, 3896.113525
-834.000000, 390.000000, 3610.000000, -1166.885620, 267.711090, 3812.709473
-834.000000, 390.000000, 3610.000000, -1075.205933, 304.079071, 3751.895020
-834.000000, 390.000000, 3610.000000, -1008.291931, 330.590759, 3707.569092
-834.000000, 390.000000, 3610.000000, -959.455688, 349.908112, 3675.278564
-834.000000, 390.000000, 3610.000000, -923.815247, 363.974243, 3651.772949
-627.000000, 298.000000, 3118.000000, -839.311707, 348.209534, 3495.646240
-627.000000, 298.000000, 3118.000000, -777.665894, 336.681335, 3381.816162
-627.000000, 298.000000, 3118.000000, -732.704834, 328.245728, 3298.859375
-627.000000, 298.000000, 3118.000000, -699.922668, 322.067719, 3238.437500
-627.000000, 298.000000, 3118.000000, -676.030151, 317.537781, 3194.463623
-807.000000, 402.000000, 3145.000000, -709.492126, 343.600067, 3170.124756
-807.000000, 402.000000, 3145.000000, -733.928101, 362.589203, 3152.483643
-807.000000, 402.000000, 3145.000000, -751.775635, 376.415649, 3139.730469
-807.000000, 402.000000, 3145.000000, -764.813904, 386.473816, 3130.544189
-337.000000, 267.000000, 3028.000000, -641.525757, 355.632385, 3090.897705
-337.000000, 267.000000, 3028.000000, -551.609985, 333.105316, 3062.095459
-337.000000, 267.000000, 3028.000000, -486.053680, 316.647430, 3041.207764
-337.000000, 267.000000, 3028.000000, -438.278015, 304.619812, 3026.095947
-337.000000, 267.000000, 3028.000000, -403.480713, 295.826202, 3015.199219
-702.000000, 324.000000, 3243.000000, -481.300629, 305.500793, 3068.134277
-702.000000, 324.000000, 3243.000000, -538.127930, 312.540649, 3106.875000
-702.000000, 324.000000, 3243.000000, -579.631592, 317.657471, 3135.253662
-702.000000, 324.000000, 3243.000000, -609.949646, 321.370789, 3156.067383
-592.000000, 369.000000, 3493.000000, -601.018127, 336.776154, 3242.005127
-592.000000, 369.000000, 3493.000000, -594.536682, 347.993439, 3304.796387
-592.000000, 369.000000, 3493.000000, -589.843445, 356.153839, 3350.691650
-592.000000, 369.000000, 3493.000000, -586.455261, 362.083099, 3384.252930
-592.000000, 369.000000, 3493.000000, -584.019409, 366.383972, 3408.810303
-821.000000, 362.000000, 3556.000000, -646.990967, 367.518341, 3444.597900
-821.000000, 362.000000, 3556.000000, -692.960815, 368.320618, 3470.770508
-821.000000, 362.000000, 3556.000000, -726.520386, 368.880737, 3489.923828
-821.000000, 362.000000, 3556.000000, -751.021057, 369.264282, 3503.953369
-821.000000, 362.000000, 3556.000000, -768.909241, 369.519165, 3514.242188
-598.000000, 206.000000, 3584.000000, -718.953735, 325.596741, 3529.712646
-598.000000, 206.000000, 3584.000000, -682.524963, 293.533447, 3541.048340
-598.000000, 206.000000, 3584.000000, -655.969727, 270.126740, 3549.365479
-598.000000, 206.000000, 3584.000000, -636.621460, 253.038879, 3555.478760
-613.000000, 142.000000, 3556.000000, -626.772461, 222.477890, 3552.070312
-613.000000, 142.000000, 3556.000000, -619.616211, 200.177048, 3549.627930
-613.000000, 142.000000, 3556.000000, -614.425293, 183.905609, 3547.890137
-613.000000, 142.000000, 3556.000000, -610.668823, 172.035263, 3546.666260
-613.000000, 142.000000, 3556.000000, -607.959106, 163.377426, 3545.816895
-402.000000, -42.000000, 3543.000000, -546.387329, 105.068405, 3541.567139
-402.000000, -42.000000, 3543.000000, -501.505432, 62.539135, 3538.510254
-402.000000, -42.000000, 3543.000000, -468.805786, 31.527960, 3536.323730
-402.000000, -42.000000, 3543.000000, -444.998047, 8.924113, 3534.771973
-402.000000, -42.000000, 3543.000000, -427.680481, -7.543104, 3533.683105
-408.000000, 43.000000, 3520.000000, -416.795471, 4.488754, 3526.432373
-408.000000, 43.000000, 3520.000000, -408.908997, 13.290988, 3521.186035
-408.000000, 43.000000, 3520.000000, -403.210876, 19.735584, 3517.402344
-408.000000, 43.000000, 3520.000000, -399.109619, 24.459053, 3514.686035
-408.000000, 43.000000, 3520.000000, -396.173553, 27.926006, 3512.748291
230.000000, -430.000000, 4141.000000, -213.796661, -103.188347, 3686.865234
230.000000, -430.000000, 4141.000000, -80.819649, -198.808151, 3813.916260
230.000000, -430.000000, 4141.000000, 16.099257, -268.519531, 3906.612061
230.000000, -430.000000, 4141.000000, 86.698853, -319.319824, 3974.230469
156.000000, -410.000000, 4376.000000, 117.176460, -350.665039, 4089.952148
156.000000, -410.000000, 4376.000000, 139.290482, -373.464447, 4174.345215
156.000000, -410.000000, 4376.000000, 155.300659, -390.026550, 4235.870605
156.000000, -410.000000, 4376.000000, 166.856461, -402.036469, 4280.704102
156.000000, -410.000000, 4376.000000, 175.161926, -410.724243, 4313.354492
-327.000000, -42.000000, 4829.000000, 44.606033, -312.995422, 4465.124512
-327.000000, -42.000000, 4829.000000, -50.750828, -241.634064, 4575.768555
-327.000000, -42.000000, 4829.000000, -120.413727, -189.519806, 4656.394043
-327.000000, -42.000000, 4829.000000, -171.320877, -151.455185, 4715.108887
-327.000000, -42.000000, 4829.000000, -208.536804, -123.646294, 4757.831055
-77.000000, -385.000000, 4893.000000, -165.111389, -200.251434, 4806.966309
-77.000000, -385.000000, 4893.000000, -133.504517, -256.096558, 4842.688965
-77.000000, -385.000000, 4893.000000, -110.523750, -296.788574, 4868.622559
-77.000000, -385.000000, 4893.000000, -93.838814, -326.420258, 4887.411621
240.000000, -528.000000, 5239.000000, 7.831664, -388.389221, 4998.762207
240.000000, -528.000000, 5239.000000, 81.911865, -433.532684, 5079.854004
240.000000, -528.000000, 5239.000000, 135.853775, -466.395203, 5138.859863
240.000000, -528.000000, 5239.000000, 175.096939, -490.294098, 5181.746094
240.000000, -528.000000, 5239.000000, 203.611938, -507.650818, 5212.867188
265.000000, -358.000000, 5088.000000, 231.361801, -472.192932, 5192.731445
265.000000, -358.000000, 5088.000000, 251.485992, -446.248413, 5177.874512
265.000000, -358.000000, 5088.000000, 266.045013, -427.248718, 5166.872559
265.000000, -358.000000, 5088.000000, 276.542877, -413.318970, 5158.685547
265.000000, -358.000000, 5088.000000, 284.077484, -403.090576, 5152.555176
209.000000, -31.000000, 4704.000000, 273.625305, -303.158234, 5039.413086
209.000000, -31.000000, 4704.000000, 265.877838, -230.200745, 4956.729004
209.000000, -31.000000, 4704.000000, 260.105713, -176.933640, 4896.278809
209.000000, -31.000000, 4704.000000, 255.776566, -138.039612, 4852.058105
166.000000, 140.000000, 4483.000000, 240.350464, -61.314758, 4757.233887
166.000000, 140.000000, 4483.000000, 228.982697, -5.322769, 4687.956055
166.000000, 140.000000, 4483.000000, 220.578293, 35.535378, 4637.326172
166.000000, 140.000000, 4483.000000, 214.337952, 65.346680, 4600.309082
166.000000, 140.000000, 4483.000000, 209.678253, 87.094429, 4573.229004
662.000000, -146.000000, 4299.000000, 346.337097, 22.135996, 4501.407227
662.000000, -146.000000, 4299.000000, 445.916718, -25.251831, 4448.949219
662.000000, -146.000000, 4299.000000, 518.432007, -59.814342, 4410.625977
662.000000, -146.000000, 4299.000000, 571.193359, -85.015327, 4382.621094
993.000000, -347.000000, 3811.000000, 703.073669, -160.183441, 4224.245117
993.000000, -347.000000, 3811.000000, 799.123657, -214.996002, 4108.678711
993.000000, -347.000000, 3811.000000, 869.021423, -254.950577, 4024.360840
993.000000, -347.000000, 3811.000000, 919.831360, -284.060181, 3962.852783
993.000000, -347.000000, 3811.000000, 956.710083, -305.253998, 3917.994141
1110.000000, -265.000000, 3378.000000, 1016.484497, -297.497986, 3762.927490
1110.000000, -265.000000, 3378.000000, 1059.893677, -291.794739, 3649.837891
1110.000000, -265.000000, 3378.000000, 1091.359253, -287.590302, 3567.388672
1110.000000, -265.000000, 3378.000000, 1114.108643, -284.480286, 3507.304199
1110.000000, -265.000000, 3378.000000, 1130.497681, -282.169617, 3463.543945
1046.000000, -52.000000, 3198.000000, 1124.160156, -220.251419, 3380.832764
1046.000000, -52.000000, 3198.000000, 1119.330444, -175.045349, 3320.580811
1046.000000, -52.000000, 3198.000000, 1115.603149, -142.038391, 3276.721680
1046.000000, -52.000000, 3198.000000, 1112.682617, -117.936279, 3244.827637
1046.000000, -52.000000, 3198.000000, 1110.352661, -100.334358, 3221.666260
168.000000, 422.000000, 2887.000000, 860.342834, 46.469677, 3116.993164
168.000000, 422.000000, 2887.000000, 677.781006, 153.568954, 3040.749756
168.000000, 422.000000, 2887.000000, 544.453430, 231.686310, 2985.257324
168.000000, 422.000000, 2887.000000, 447.064911, 288.648834, 2944.910400
-296.000000, 405.000000, 3030.000000, 244.789581, 325.365936, 2956.027832
-296.000000, 405.000000, 3030.000000, 97.141228, 352.111847, 2964.279297
-296.000000, 405.000000, 3030.000000, -10.632198, 371.579742, 2970.437500
-296.000000, 405.000000, 3030.000000, -89.298935, 385.735565, 2975.066650
-296.000000, 405.000000, 3030.000000, -146.719193, 396.014221, 2978.578369
-886.000000, 602.000000, 3506.000000, -355.358002, 459.133240, 3115.785889
-886.000000, 602.000000, 3506.000000, -507.565704, 505.124908, 3216.001953
-886.000000, 602.000000, 3506.000000, -618.582336, 538.615173, 3289.215820
-886.000000, 602.000000, 3506.000000, -699.532227, 562.980774, 3342.718750
-2203.000000, 494.000000, 3949.000000, -1130.705322, 550.166931, 3507.020264
-2203.000000, 494.000000, 3949.000000, -1445.163818, 540.749878, 3626.947510
-2203.000000, 494.000000, 3949.000000, -1674.429077, 533.812805, 3714.483887
-2203.000000, 494.000000, 3949.000000, -1841.510132, 528.686523, 3778.376465
-2203.000000, 494.000000, 3949.000000, -1963.202271, 524.882507, 3825.010742
-1663.000000, 99.000000, 3707.000000, -1899.166992, 410.421570, 3790.660400
-1663.000000, 99.000000, 3707.000000, -1852.238770, 326.867065, 3765.617432
-1663.000000, 99.000000, 3707.000000, -1817.799316, 265.872650, 3747.367920
-1663.000000, 99.000000, 3707.000000, -1792.477295, 221.345871, 3734.076904
-1663.000000, 99.000000, 3707.000000, -1773.812256, 188.839645, 3724.405273
-2658.000000, 78.000000, 4643.000000, -2041.184082, 159.173431, 3981.878662
-2658.000000, 78.000000, 4643.000000, -2236.029541, 137.517670, 4169.714844
-2658.000000, 78.000000, 4643.000000, -2377.937256, 121.709106, 4306.720703
-2658.000000, 78.000000, 4643.000000, -2481.205811, 110.168671, 4406.624023
-1682.000000, 49.000000, 4383.000000, -2280.465576, 93.548653, 4405.972168
-1682.000000, 49.000000, 4383.000000, -2133.765625, 81.420074, 4405.431641
-1682.000000, 49.000000, 4383.000000, -2026.513550, 72.569962, 4404.973145
-1682.000000, 49.000000, 4383.000000, -1948.057983, 66.112907, 4404.575195
-1682.000000, 49.000000, 4383.000000, -1890.623535, 61.402615, 4404.221680
-1531.000000, 64.000000, 4533.000000, -1805.863770, 62.206158, 4446.289551
-1531.000000, 64.000000, 4533.000000, -1743.852295, 62.793465, 4476.913574
-1531.000000, 64.000000, 4533.000000, -1698.447021, 63.222908, 4499.185059
-1531.000000, 64.000000, 4533.000000, -1665.164673, 63.537094, 4515.359863
-1041.000000, 194.000000, 4188.000000, -1502.263672, 100.503754, 4429.591797
-1041.000000, 194.000000, 4188.000000, -1383.288696, 127.469368, 4366.955078
-1041.000000, 194.000000, 4188.000000, -1296.378052, 147.134888, 4321.203125
-1041.000000, 194.000000, 4188.000000, -1232.873047, 161.471878, 4287.775879
-1041.000000, 194.000000, 4188.000000, -1186.453613, 171.919464, 4263.346191
-1054.000000, 268.000000, 4298.000000, -1156.179810, 200.439758, 4276.568848
-1054.000000, 268.000000, 4298.000000, -1134.016602, 221.230011, 4286.175293
-1054.000000, 268.000000, 4298.000000, -1117.774292, 236.377960, 4293.142578
-1054.000000, 268.000000, 4298.000000, -1105.854492, 247.407578, 4298.184082
-804.000000, 274.000000, 4017.000000, -1026.442993, 257.126801, 4222.412109
-804.000000, 274.000000, 4017.000000, -968.450134, 264.193298, 4167.099121
-804.000000, 274.000000, 4017.000000, -926.092102, 269.323700, 4126.720215
-804.000000, 274.000000, 4017.000000, -895.146851, 273.041077, 4097.242676
-804.000000, 274.000000, 4017.000000, -872.532532, 275.727264, 4075.722656
-829.000000, 275.000000, 3862.000000, -863.064392, 277.943542, 4016.209717
-829.000000, 275.000000, 3862.000000, -856.124084, 279.534332, 3972.787598
-829.000000, 275.000000, 3862.000000, -851.029297, 280.668762, 3941.110840
-829.000000, 275.000000, 3862.000000, -847.281921, 281.470306, 3918.007812
-1089.000000, 272.000000, 4077.000000, -917.991699, 281.181305, 3961.919189
-1089.000000, 272.000000, 4077.000000, -969.540588, 280.944672, 3993.959961
-1089.000000, 272.000000, 4077.000000, -1007.103638, 280.746521, 4017.335693
-1089.000000, 272.000000, 4077.000000, -1034.458374, 280.576660, 4034.386719
-1089.000000, 272.000000, 4077.000000, -1054.362183, 280.427673, 4046.821045
-822.000000, 220.000000, 3853.000000, -993.376343, 265.599426, 3992.585205
-822.000000, 220.000000, 3853.000000, -948.835938, 254.758545, 3953.016602
-822.000000, 220.000000, 3853.000000, -916.300110, 246.828354, 3924.154053
-822.000000, 220.000000, 3853.000000, -892.527161, 241.022949, 3903.106201
-671.000000, 143.000000, 3783.000000, -832.479797, 215.009247, 3867.980957
-671.000000, 143.000000, 3783.000000, -788.647156, 196.015244, 3842.371338
-671.000000, 143.000000, 3783.000000, -756.650513, 182.145294, 3823.707520
-671.000000, 143.000000, 3783.000000, -733.293457, 172.015701, 3810.113281
-671.000000, 143.000000, 3783.000000, -716.242859, 164.616379, 3800.219482
-696.000000, 117.000000, 3770.000000, -710.860535, 151.862717, 3789.352783
-696.000000, 117.000000, 3770.000000, -706.927002, 142.551819, 3781.451416
-696.000000, 117.000000, 3770.000000, -704.051147, 135.753967, 3775.714111
-696.000000, 117.000000, 3770.000000, -701.947388, 130.790512, 3771.556396
-651.000000, 121.000000, 3799.000000, -687.690735, 128.296448, 3776.746338
-651.000000, 121.000000, 3799.000000, -677.286194, 126.473969, 3780.560059
-651.000000, 121.000000, 3799.000000, -669.693542, 125.141747, 3783.368896
-651.000000, 121.000000, 3799.000000, -664.153442, 124.167389, 3785.444336
-651.000000, 121.000000, 3799.000000, -660.111572, 123.454285, 3786.983887
-762.000000, 145.000000, 4014.000000, -688.530945, 129.714066, 3848.889160
