110.000000, -1.000000, 4284.000000, 109.978004, -0.999800, 4283.143555
-163.000000, -66.000000, 4173.000000, -58.014759, -41.002464, 4215.523438
-163.000000, -66.000000, 4173.000000, -142.044434, -61.011456, 4181.657227
-163.000000, -66.000000, 4173.000000, -181.062866, -70.302155, 4165.885742
-163.000000, -66.000000, 4173.000000, -195.760437, -73.801628, 4159.917969
-163.000000, -66.000000, 4173.000000, -199.884491, -74.783440, 4158.224121
327.000000, 119.000000, 4261.000000, 37.793755, 14.926403, 4200.928711
327.000000, 119.000000, 4261.000000, 181.372726, 68.871964, 4227.120117
327.000000, 119.000000, 4261.000000, 269.087189, 101.641464, 4243.418457
327.000000, 119.000000, 4261.000000, 322.932220, 121.604271, 4253.667969
327.000000, 119.000000, 4261.000000, 355.783020, 133.649048, 4260.135254
163.000000, 7.000000, 4081.000000, 312.874695, 98.026405, 4195.601074
163.000000, 7.000000, 4081.000000, 281.758942, 73.079254, 4151.788574
163.000000, 7.000000, 4081.000000, 258.751556, 55.378593, 4121.909668
163.000000, 7.000000, 4081.000000, 241.401993, 42.664722, 4101.519531
276.000000, 139.000000, 4115.000000, 267.518829, 79.525635, 4099.533691
276.000000, 139.000000, 4115.000000, 284.741882, 105.096786, 4098.541992
276.000000, 139.000000, 4115.000000, 295.770844, 122.746460, 4098.229004
276.000000, 139.000000, 4115.000000, 302.469147, 134.806290, 4098.379883
276.000000, 139.000000, 4115.000000, 306.134766, 142.904587, 4098.845703
156.000000, 363.000000, 4261.000000, 267.508972, 223.171432, 4148.397461
100.000000, 478.000000, 4259.000000, 220.111191, 318.543945, 4183.571777
100.000000, 478.000000, 4259.000000, 185.176331, 386.344330, 4209.028809
100.000000, 478.000000, 4259.000000, 159.307220, 434.215515, 4227.442871
100.000000, 478.000000, 4259.000000, 140.059296, 467.658478, 4240.738281
173.000000, 600.000000, 4237.000000, 149.863190, 531.084656, 4243.013184
173.000000, 600.000000, 4237.000000, 156.497604, 575.663452, 4244.600586
173.000000, 600.000000, 4237.000000, 160.863861, 606.549500, 4245.680176
173.000000, 600.000000, 4237.000000, 163.615921, 627.495300, 4246.384277
173.000000, 600.000000, 4237.000000, 165.228409, 641.237915, 4246.810059
234.000000, 873.000000, 4198.000000, 186.248016, 740.190979, 4234.113770
234.000000, 873.000000, 4198.000000, 201.098770, 810.238342, 4224.859375
234.000000, 873.000000, 4198.000000, 211.479645, 859.248291, 4218.115723
234.000000, 873.000000, 4198.000000, 218.630020, 892.972229, 4213.203125
234.000000, 873.000000, 4198.000000, 223.453735, 915.615051, 4209.625488
-103.000000, 714.000000, 4005.000000, 115.189308, 877.682129, 4143.209961
-103.000000, 714.000000, 4005.000000, 36.807552, 848.649536, 4095.297119
-103.000000, 714.000000, 4005.000000, -19.761692, 826.187012, 4060.872559
-103.000000, 714.000000, 4005.000000, -60.416519, 808.590881, 4036.272949
117.000000, 780.000000, 4087.000000, -17.003536, 816.354004, 4045.831787
117.000000, 780.000000, 4087.000000, 14.635660, 820.756348, 4053.046143
117.000000, 780.000000, 4087.000000, 37.698212, 822.778503, 4058.539062
117.000000, 780.000000, 4087.000000, 54.515823, 823.133423, 4062.765381
117.000000, 780.000000, 4087.000000, 66.788414, 822.338135, 4066.057617
40.000000, 723.000000, 4074.000000, 50.576275, 802.128052, 4064.407227
40.000000, 723.000000, 4074.000000, 38.987808, 786.613770, 4063.428711
40.000000, 723.000000, 4074.000000, 30.765068, 774.571167, 4062.928711
40.000000, 723.000000, 4074.000000, 24.990566, 765.105164, 4062.766113
40.000000, 723.000000, 4074.000000, 20.995218, 757.560608, 4062.839355
255.000000, 924.000000, 4180.000000, 87.968575, 816.597717, 4097.426758
255.000000, 924.000000, 4180.000000, 136.459167, 858.570007, 4122.548828
255.000000, 924.000000, 4180.000000, 171.505173, 888.170898, 4140.778809
255.000000, 924.000000, 4180.000000, 196.775452, 908.815918, 4153.991211
276.000000, 955.000000, 3950.000000, 221.695206, 932.959900, 4089.580078
276.000000, 955.000000, 3950.000000, 239.576141, 949.665833, 4043.090088
276.000000, 955.000000, 3950.000000, 252.346268, 961.003540, 4009.630615
276.000000, 955.000000, 3950.000000, 261.408722, 968.477600, 3985.641357
276.000000, 955.000000, 3950.000000, 267.784454, 973.181091, 3968.530029
-334.000000, 449.000000, 3777.000000, 77.895386, 814.716858, 3901.299561
-334.000000, 449.000000, 3777.000000, -59.468555, 699.585632, 3852.982910
-334.000000, 449.000000, 3777.000000, -158.622772, 616.003906, 3818.409668
-334.000000, 449.000000, 3777.000000, -229.989258, 555.391418, 3793.816895
-334.000000, 449.000000, 3777.000000, -281.155151, 511.500458, 3776.465820
-166.000000, 1057.000000, 3943.000000, -264.613953, 671.698120, 3816.761475
-166.000000, 1057.000000, 3943.000000, -252.096298, 787.624390, 3846.349609
-166.000000, 1057.000000, 3943.000000, -242.527344, 871.346619, 3868.128906
-166.000000, 1057.000000, 3943.000000, -235.123566, 931.650085, 3884.210693
-166.000000, 1057.000000, 3943.000000, -229.313599, 974.930664, 3896.133057
-513.000000, 667.000000, 3854.000000, -333.276520, 883.791077, 3877.163086
-513.000000, 667.000000, 3854.000000, -408.118439, 817.383972, 3863.663818
-513.000000, 667.000000, 3854.000000, -461.784363, 768.996582, 3854.135010
-513.000000, 667.000000, 3854.000000, -500.059265, 733.739380, 3847.485596
-200.000000, 653.000000, 3973.000000, -429.822968, 703.697449, 3879.925781
-200.000000, 653.000000, 3973.000000, -378.310181, 681.830078, 3903.669922
-200.000000, 653.000000, 3973.000000, -340.450195, 665.920593, 3921.073975
-200.000000, 653.000000, 3973.000000, -312.548859, 654.354004, 3933.854248
-200.000000, 653.000000, 3973.000000, -291.914642, 645.953735, 3943.261475
-416.000000, -50.000000, 3650.000000, -343.260925, 422.861176, 3850.503418
-416.000000, -50.000000, 3650.000000, -380.136169, 261.167786, 3783.384277
-416.000000, -50.000000, 3650.000000, -406.487427, 144.181442, 3734.927490
-416.000000, -50.000000, 3650.000000, -425.189545, 59.742191, 3700.052002
-539.000000, -555.000000, 3854.000000, -476.097839, -156.045868, 3737.684570
-539.000000, -555.000000, 3854.000000, -512.598572, -311.994446, 3765.290039
-539.000000, -555.000000, 3854.000000, -538.621887, -424.381897, 3785.581299
-539.000000, -555.000000, 3854.000000, -557.030396, -505.067688, 3800.535400
-539.000000, -555.000000, 3854.000000, -569.909241, -562.691895, 3811.593506
-527.000000, -245.000000, 3883.000000, -575.115967, -508.970367, 3828.653564
-527.000000, -245.000000, 3883.000000, -578.422058, -469.015961, 3841.206299
-527.000000, -245.000000, 3883.000000, -580.359924, -439.121796, 3850.469238
-527.000000, -245.000000, 3883.000000, -581.316711, -416.585236, 3857.329834
-527.000000, -245.000000, 3883.000000, -581.574097, -399.435608, 3862.435059
-679.000000, -455.000000, 3895.000000, -627.447144, -449.941010, 3869.896973
-679.000000, -455.000000, 3895.000000, -660.340149, -485.893188, 3875.422119
-679.000000, -455.000000, 3895.000000, -683.789612, -511.264404, 3879.531982
-679.000000, -455.000000, 3895.000000, -700.372681, -528.948914, 3882.606934
-472.000000, 192.000000, 4106.000000, -649.434448, -345.603088, 3948.665527
-472.000000, 192.000000, 4106.000000, -611.991699, -211.713562, 3996.722168
-472.000000, 192.000000, 4106.000000, -584.397522, -113.885155, 4031.657715
-472.000000, 192.000000, 4106.000000, -563.992981, -42.352852, 4057.030273
-472.000000, 192.000000, 4106.000000, -548.839417, 10.002316, 4075.433594
-590.000000, 114.000000, 4082.000000, -572.997986, 24.920835, 4081.542969
-590.000000, 114.000000, 4082.000000, -590.263367, 36.047615, 4085.924805
-590.000000, 114.000000, 4082.000000, -602.513733, 44.402943, 4089.048828
-590.000000, 114.000000, 4082.000000, -611.118042, 50.730930, 4091.257568
-590.000000, 114.000000, 4082.000000, -617.073975, 55.574318, 4092.801025
-597.000000, 529.000000, 4228.000000, -623.203735, 183.543365, 4137.560059
-597.000000, 529.000000, 4228.000000, -627.369568, 276.783875, 4170.031738
-597.000000, 529.000000, 4228.000000, -630.112549, 344.703552, 4193.548340
-597.000000, 529.000000, 4228.000000, -631.826782, 394.161957, 4210.539551
-517.000000, 334.000000, 4059.000000, -608.932373, 371.985077, 4172.357422
-517.000000, 334.000000, 4059.000000, -592.020081, 355.875153, 4144.474121
-517.000000, 334.000000, 4059.000000, -579.476501, 344.188416, 4124.103027
-517.000000, 334.000000, 4059.000000, -570.125061, 335.726227, 4109.210449
-517.000000, 334.000000, 4059.000000, -563.107544, 329.614532, 4098.313965
-191.000000, 833.000000, 4218.000000, -460.906128, 473.525665, 4137.589844
-191.000000, 833.000000, 4218.000000, -386.382202, 578.234802, 4166.103516
-191.000000, 833.000000, 4218.000000, -332.043579, 654.360962, 4186.770996
-191.000000, 833.000000, 4218.000000, -292.426300, 709.648132, 4201.720215
-191.000000, 833.000000, 4218.000000, -263.545563, 749.743713, 4212.501465
-485.000000, 733.000000, 3987.000000, -329.573669, 749.147644, 4151.827637
-485.000000, 733.000000, 3987.000000, -377.579285, 748.554382, 4107.589844
-485.000000, 733.000000, 3987.000000, -412.444122, 747.968018, 4075.339111
-485.000000, 733.000000, 3987.000000, -437.728516, 747.391296, 4051.831055
-150.000000, 782.000000, 4071.000000, -357.062195, 761.301880, 4059.514893
-150.000000, 782.000000, 4071.000000, -298.265717, 771.281738, 4065.088623
-150.000000, 782.000000, 4071.000000, -255.420303, 778.399353, 4069.123779
-150.000000, 782.000000, 4071.000000, -224.208893, 783.433838, 4072.037598
-150.000000, 782.000000, 4071.000000, -201.482681, 786.953491, 4074.133789
-497.000000, 927.000000, 4152.000000, -287.150482, 832.080811, 4099.492188
-497.000000, 927.000000, 4152.000000, -349.505127, 864.781738, 4117.920898
-497.000000, 927.000000, 4152.000000, -394.857544, 888.424194, 4131.296387
-497.000000, 927.000000, 4152.000000, -427.810944, 905.464661, 4140.987305
-500.000000, 461.000000, 4071.000000, -452.604614, 780.744568, 4124.187500
-500.000000, 461.000000, 4071.000000, -470.566101, 689.791260, 4111.908203
-500.000000, 461.000000, 4071.000000, -483.546814, 623.470093, 4102.926270
-500.000000, 461.000000, 4071.000000, -492.897156, 575.117615, 4096.350586
-500.000000, 461.000000, 4071.000000, -499.602112, 539.872986, 4091.530762
-407.000000, 1029.000000, 3927.000000, -477.119904, 680.683289, 4045.782715
-407.000000, 1029.000000, 3927.000000, -460.650085, 783.179871, 4012.451416
-407.000000, 1029.000000, 3927.000000, -448.568176, 857.731628, 3988.177246
-407.000000, 1029.000000, 3927.000000, -439.689056, 911.902405, 3970.509521
-407.000000, 1029.000000, 3927.000000, -433.148102, 951.210022, 3957.660400
-461.000000, -241.000000, 3718.000000, -444.104980, 608.311768, 3887.210449
-461.000000, -241.000000, 3718.000000, -452.015533, 358.487732, 3835.940674
-461.000000, -241.000000, 3718.000000, -457.705658, 176.559143, 3798.660645
-461.000000, -241.000000, 3718.000000, -461.777771, 44.157211, 3771.584229
-651.000000, 373.000000, 3744.000000, -520.130310, 127.101257, 3759.538086
-651.000000, 373.000000, 3744.000000, -562.550110, 187.679871, 3750.855225
-651.000000, 373.000000, 3744.000000, -593.349243, 231.940063, 3744.623779
-651.000000, 373.000000, 3744.000000, -615.673523, 264.293518, 3740.178467
-651.000000, 373.000000, 3744.000000, -631.817993, 287.958923, 3737.033936
-523.000000, 255.000000, 3725.000000, -606.173889, 270.914246, 3729.301758
-523.000000, 255.000000, 3725.000000, -587.376282, 258.582245, 3723.761963
-523.000000, 255.000000, 3725.000000, -573.575928, 249.686737, 3719.819092
-523.000000, 255.000000, 3725.000000, -563.423584, 243.296661, 3717.039551
-169.000000, 481.000000, 3797.000000, -452.986816, 304.456665, 3736.044922
-169.000000, 481.000000, 3797.000000, -372.461090, 349.093414, 3749.977783
-169.000000, 481.000000, 3797.000000, -313.758331, 381.674347, 3760.208008
-169.000000, 481.000000, 3797.000000, -270.977356, 405.459015, 3767.735107
-169.000000, 481.000000, 3797.000000, -239.812546, 422.825623, 3773.288574
-378.000000, 144.000000, 3926.000000, -277.789856, 337.686829, 3814.846191
-378.000000, 144.000000, 3926.000000, -305.474457, 275.696777, 3845.181641
-378.000000, 144.000000, 3926.000000, -325.649597, 230.594818, 3867.328369
-378.000000, 144.000000, 3926.000000, -340.346008, 197.812988, 3883.500000
-378.000000, 144.000000, 3926.000000, -351.045410, 174.018356, 3895.311523
-408.000000, 421.000000, 4077.000000, -367.522095, 237.046219, 3947.696777
-408.000000, 421.000000, 4077.000000, -379.511566, 283.063110, 3985.880615
-408.000000, 421.000000, 4077.000000, -388.227600, 316.667267, 4013.702637
-408.000000, 421.000000, 4077.000000, -394.555786, 341.213837, 4033.964844
-408.000000, 421.000000, 4077.000000, -399.142334, 359.151031, 4048.711182
-941.000000, -100.000000, 4214.000000, -556.658447, 221.537155, 4099.068359
-941.000000, -100.000000, 4214.000000, -671.394653, 121.315186, 4135.731934
-941.000000, -100.000000, 4214.000000, -754.918762, 48.374290, 4162.404785
-941.000000, -100.000000, 4214.000000, -815.671326, -4.663151, 4181.788574
-906.000000, 276.000000, 4463.000000, -849.697998, 65.466225, 4267.805176
-906.000000, 276.000000, 4463.000000, -874.350708, 116.703712, 4330.417969
-906.000000, 276.000000, 4463.000000, -892.166626, 154.154678, 4375.955566
-906.000000, 276.000000, 4463.000000, -904.997070, 181.544495, 4409.035645
-906.000000, 276.000000, 4463.000000, -914.192871, 201.591644, 4433.028809
-672.000000, 57.000000, 4245.000000, -853.220947, 153.089355, 4387.491211
-672.000000, 57.000000, 4245.000000, -808.638000, 117.820236, 4354.185547
-672.000000, 57.000000, 4245.000000, -776.016296, 92.205589, 4329.807129
-672.000000, 57.000000, 4245.000000, -752.124695, 73.634026, 4311.944336
-688.000000, 255.000000, 4381.000000, -739.217041, 117.269516, 4338.037109
-688.000000, 255.000000, 4381.000000, -729.710144, 149.170639, 4356.967773
-688.000000, 255.000000, 4381.000000, -722.686523, 172.507874, 4370.673828
-688.000000, 255.000000, 4381.000000, -717.476746, 189.594864, 4380.569824
-688.000000, 255.000000, 4381.000000, -713.592102, 202.119965, 4387.686523
-429.000000, 463.000000, 4293.000000, -636.119385, 271.190918, 4367.445312
-429.000000, 463.000000, 4293.000000, -579.576660, 321.591461, 4352.597656
-429.000000, 463.000000, 4293.000000, -538.307739, 358.367493, 4341.687988
-429.000000, 463.000000, 4293.000000, -508.185211, 385.201233, 4333.652832
-429.000000, 463.000000, 4293.000000, -486.197021, 404.779755, 4327.716309
-516.000000, 503.000000, 4352.000000, -495.159515, 430.564819, 4340.276855
-516.000000, 503.000000, 4352.000000, -501.670990, 449.367767, 4349.357422
-516.000000, 503.000000, 4352.000000, -506.394379, 463.075806, 4355.898926
-516.000000, 503.000000, 4352.000000, -509.813446, 473.066162, 4360.589844
-516.000000, 503.000000, 4352.000000, -512.281250, 480.343872, 4363.931152
-746.000000, 479.000000, 4171.000000, -580.111572, 478.749481, 4314.305664
-746.000000, 479.000000, 4171.000000, -629.526184, 477.579987, 4278.058105
-746.000000, 479.000000, 4171.000000, -665.502930, 476.720764, 4251.574219
-746.000000, 479.000000, 4171.000000, -691.674561, 476.088287, 4232.215820
-828.000000, 103.000000, 3981.000000, -734.222717, 367.724915, 4163.536133
-828.000000, 103.000000, 3981.000000, -765.172180, 288.733704, 4113.433105
-828.000000, 103.000000, 3981.000000, -787.658813, 231.176498, 4076.886963
-828.000000, 103.000000, 3981.000000, -803.971130, 189.260284, 4050.234131
-828.000000, 103.000000, 3981.000000, -815.779114, 158.757401, 4030.800781
-914.000000, 556.000000, 4348.000000, -848.955566, 266.445801, 4121.845215
-914.000000, 556.000000, 4348.000000, -873.053101, 345.009430, 4188.215820
-914.000000, 556.000000, 4348.000000, -890.526794, 402.318512, 4236.580566
-914.000000, 556.000000, 4348.000000, -903.168335, 444.116608, 4271.805664
-914.000000, 556.000000, 4348.000000, -912.285156, 474.595306, 4297.442871
-802.000000, 356.000000, 4205.000000, -886.754028, 439.532410, 4275.127441
-802.000000, 356.000000, 4205.000000, -868.042725, 413.966553, 4258.807617
-802.000000, 356.000000, 4205.000000, -854.309875, 395.331421, 4246.864258
-802.000000, 356.000000, 4205.000000, -844.211670, 381.754211, 4238.114746
-573.000000, 386.000000, 4124.000000, -771.226562, 380.454193, 4208.514160
-573.000000, 386.000000, 4124.000000, -717.941345, 379.520905, 4186.897949
-573.000000, 386.000000, 4124.000000, -679.033752, 378.855133, 4171.109863
-573.000000, 386.000000, 4124.000000, -650.619629, 378.384521, 4159.574219
-573.000000, 386.000000, 4124.000000, -629.864197, 378.056213, 4151.143066
-593.000000, 479.000000, 3913.000000, -620.417908, 404.426453, 4084.638672
-593.000000, 479.000000, 3913.000000, -613.501709, 423.665863, 4036.138184
-593.000000, 479.000000, 3913.000000, -608.432556, 437.701202, 4000.776855
-593.000000, 479.000000, 3913.000000, -604.711792, 447.938690, 3975.004150
-593.000000, 479.000000, 3913.000000, -601.975525, 455.404663, 3956.229004
-652.000000, -405.000000, 3748.000000, -616.817017, 208.252151, 3895.412842
-652.000000, -405.000000, 3748.000000, -627.615784, 28.063366, 3851.097168
-652.000000, -405.000000, 3748.000000, -635.464600, -103.255882, 3818.823242
-652.000000, -405.000000, 3748.000000, -641.161011, -198.911179, 3795.336670
-652.000000, -405.000000, 3748.000000, -645.287170, -268.540283, 3778.262451
-790.000000, -181.000000, 3969.000000, -687.671143, -255.217957, 3828.969482
-790.000000, -181.000000, 3969.000000, -718.544556, -245.364624, 3865.994873
-790.000000, -181.000000, 3969.000000, -741.018005, -238.044861, 3893.034424
-245.000000, 98.000000, 3562.000000, -601.812073, -152.945953, 3796.622803
-245.000000, 98.000000, 3562.000000, -500.272308, -90.771675, 3726.360352
-245.000000, 98.000000, 3562.000000, -426.222290, -45.329651, 3675.181396
-245.000000, 98.000000, 3562.000000, -372.234741, -12.100383, 3637.928955
-245.000000, 98.000000, 3562.000000, -332.889008, 12.214632, 3610.839111
-752.000000, 785.000000, 4072.000000, -448.836700, 225.970703, 3736.628662
-752.000000, 785.000000, 4072.000000, -533.411133, 381.898560, 3828.426025
-752.000000, 785.000000, 4072.000000, -595.088562, 495.621674, 3895.414307
-752.000000, 785.000000, 4072.000000, -640.055359, 578.542847, 3944.295654
-138.000000, 622.000000, 3748.000000, -497.787903, 592.516357, 3887.596191
-138.000000, 622.000000, 3748.000000, -394.031647, 602.670593, 3846.270020
-138.000000, 622.000000, 3748.000000, -318.382019, 610.037903, 3816.163086
-138.000000, 622.000000, 3748.000000, -263.245209, 615.371948, 3794.243896
-138.000000, 622.000000, 3748.000000, -223.078903, 619.222656, 3778.300049
-458.000000, 923.000000, 3947.000000, -285.009155, 707.749268, 3823.413574
-458.000000, 923.000000, 3947.000000, -330.219543, 772.260071, 3856.352783
-458.000000, 923.000000, 3947.000000, -363.226654, 819.244019, 3880.406006
-458.000000, 923.000000, 3947.000000, -387.326996, 853.437256, 3897.973633
-458.000000, 923.000000, 3947.000000, -404.926544, 878.296448, 3910.807617
-640.000000, 747.000000, 4274.000000, -469.606018, 846.228149, 4013.300049
-640.000000, 747.000000, 4274.000000, -516.787109, 822.762573, 4088.052979
-640.000000, 747.000000, 4274.000000, -551.197144, 805.576660, 4142.560547
-640.000000, 747.000000, 4274.000000, -576.286377, 792.975037, 4182.292480
-548.000000, 581.000000, 4127.000000, -568.386963, 736.471375, 4169.399414
-548.000000, 581.000000, 4127.000000, -562.614380, 695.206604, 4159.967285
-548.000000, 581.000000, 4127.000000, -558.394226, 665.064697, 4153.061035
-548.000000, 581.000000, 4127.000000, -555.307312, 643.041443, 4147.999023
-548.000000, 581.000000, 4127.000000, -553.047668, 626.944214, 4144.283203
-720.000000, -328.000000, 4097.000000, -600.324158, 356.571777, 4133.015137
-720.000000, -328.000000, 4097.000000, -634.791321, 159.383499, 4124.775879
-720.000000, -328.000000, 4097.000000, -659.909729, 15.608934, 4118.747070
-720.000000, -328.000000, 4097.000000, -678.205261, -89.181915, 4114.332031
-931.000000, -70.000000, 4235.000000, -751.526184, -92.150459, 4150.339844
-931.000000, -70.000000, 4235.000000, -804.965454, -94.221603, 4176.581055
-931.000000, -70.000000, 4235.000000, -843.894409, -95.638885, 4195.694336
-931.000000, -70.000000, 4235.000000, -872.233643, -96.580032, 4209.604980
-931.000000, -70.000000, 4235.000000, -892.844604, -97.174744, 4219.719238
-985.000000, -83.000000, 4302.000000, -923.165649, -101.213013, 4246.108398
-985.000000, -83.000000, 4302.000000, -945.215149, -104.068024, 4265.318848
-985.000000, -83.000000, 4302.000000, -961.228394, -106.060463, 4279.290527
-985.000000, -83.000000, 4302.000000, -972.836975, -107.424385, 4289.438965
-985.000000, -83.000000, 4302.000000, -981.231689, -108.330612, 4296.797363
-697.000000, 40.000000, 4147.000000, -905.449951, -73.954826, 4258.078613
-697.000000, 40.000000, 4147.000000, -850.113586, -48.799335, 4229.798828
-697.000000, 40.000000, 4147.000000, -809.700500, -30.374386, 4209.138672
-697.000000, 40.000000, 4147.000000, -780.180176, -16.862726, 4194.040039
-886.000000, -133.000000, 4192.000000, -812.295898, -56.078388, 4195.783203
-886.000000, -133.000000, 4192.000000, -835.680725, -84.608650, 4197.028809
-886.000000, -133.000000, 4192.000000, -852.693665, -105.340767, 4197.911621
-886.000000, -133.000000, 4192.000000, -865.056519, -120.382103, 4198.530273
-886.000000, -133.000000, 4192.000000, -874.026062, -131.270813, 4198.956055
-613.000000, -672.000000, 3918.000000, -803.002930, -292.175140, 4121.440918
-613.000000, -672.000000, 3918.000000, -751.158875, -409.435730, 4064.885986
-613.000000, -672.000000, 3918.000000, -713.313721, -494.842987, 4023.629395
-613.000000, -672.000000, 3918.000000, -685.686462, -557.002625, 3993.539062
-465.000000, 39.000000, 3873.000000, -623.505493, -400.368347, 3958.824707
-465.000000, 39.000000, 3873.000000, -578.141602, -285.990082, 3933.516846
-465.000000, 39.000000, 3873.000000, -545.052307, -202.455078, 3915.074219
-465.000000, 39.000000, 3873.000000, -520.922180, -141.433167, 3901.642334
-466.000000, 215.000000, 3932.000000, -503.614899, -46.897278, 3908.611084
-466.000000, 215.000000, 3932.000000, -491.003510, 22.122740, 3913.716064
-466.000000, 215.000000, 3932.000000, -481.819489, 72.518433, 3917.460449
-466.000000, 215.000000, 3932.000000, -475.136963, 109.319984, 3920.211426
-466.000000, 215.000000, 3932.000000, -470.280121, 136.198914, 3922.237305
-580.000000, 109.000000, 4012.000000, -499.097565, 125.762848, 3946.429688
-580.000000, 109.000000, 4012.000000, -520.132568, 118.180489, 3964.091553
-580.000000, 109.000000, 4012.000000, -535.487244, 112.680710, 3976.986572
-580.000000, 109.000000, 4012.000000, -546.695740, 108.700645, 3986.402344
-580.000000, 109.000000, 4012.000000, -554.878052, 105.829483, 3993.278564
-677.000000, 16.000000, 4239.000000, -588.362488, 77.390907, 4062.681885
-677.000000, 16.000000, 4239.000000, -612.787903, 56.682209, 4113.305176
-677.000000, 16.000000, 4239.000000, -630.601379, 41.615105, 4150.221191
-677.000000, 16.000000, 4239.000000, -643.588867, 30.665346, 4177.131836
-672.000000, 296.000000, 4349.000000, -651.636292, 102.115875, 4227.931641
-672.000000, 296.000000, 4349.000000, -657.496765, 154.268555, 4264.958984
-672.000000, 296.000000, 4349.000000, -661.761169, 192.335495, 4291.934082
-672.000000, 296.000000, 4349.000000, -664.860779, 220.121094, 4311.572754
-672.000000, 296.000000, 4349.000000, -667.110352, 240.402206, 4325.856934
-641.000000, 231.000000, 4414.000000, -659.951843, 236.779373, 4354.659668
-641.000000, 231.000000, 4414.000000, -654.719421, 234.145798, 4375.623047
-641.000000, 231.000000, 4414.000000, -650.893066, 232.234192, 4390.865234
-641.000000, 231.000000, 4414.000000, -648.093140, 230.849472, 4401.931641
-641.000000, 231.000000, 4414.000000, -646.042542, 229.849243, 4409.951172
-706.000000, 93.000000, 4361.000000, -662.960938, 190.018463, 4400.726074
-706.000000, 93.000000, 4361.000000, -675.292725, 160.978195, 4393.944336
-706.000000, 93.000000, 4361.000000, -684.276917, 139.813782, 4388.946289
-706.000000, 93.000000, 4361.000000, -690.817932, 124.397751, 4385.250977
-786.000000, -133.000000, 4192.000000, -718.244812, 49.137398, 4334.618652
-786.000000, -133.000000, 4192.000000, -738.234924, -5.728235, 4297.642090
-786.000000, -133.000000, 4192.000000, -752.797180, -45.708050, 4270.633789
-786.000000, -133.000000, 4192.000000, -763.397888, -74.823105, 4250.901367
-786.000000, -133.000000, 4192.000000, -771.107361, -96.008438, 4236.479980
-894.000000, -48.000000, 4134.000000, -807.303406, -87.325722, 4209.504395
-894.000000, -48.000000, 4134.000000, -833.678772, -80.936707, 4189.805664
-894.000000, -48.000000, 4134.000000, -852.886414, -76.222450, 4175.418457
-894.000000, -48.000000, 4134.000000, -866.862671, -72.731163, 4164.909180
-894.000000, -48.000000, 4134.000000, -877.020874, -70.133080, 4157.229980
-892.000000, 85.000000, 4182.000000, -883.826233, -30.515812, 4165.212402
-892.000000, 85.000000, 4182.000000, -888.751648, -1.570772, 4171.023438
-892.000000, 85.000000, 4182.000000, -892.305298, 19.584055, 4175.249512
-892.000000, 85.000000, 4182.000000, -894.858154, 35.052322, 4178.319336
-642.000000, -126.000000, 4005.000000, -825.880127, -13.386385, 4130.417480
-642.000000, -126.000000, 4005.000000, -775.530945, -48.683308, 4095.465576
-642.000000, -126.000000, 4005.000000, -738.779480, -74.388290, 4069.966553
-642.000000, -126.000000, 4005.000000, -711.953491, -93.092476, 4051.367188
-642.000000, -126.000000, 4005.000000, -692.372375, -106.687187, 4037.803711
-598.000000, -121.000000, 3952.000000, -665.620850, -115.137177, 4012.908691
-598.000000, -121.000000, 3952.000000, -646.101135, -121.249039, 3994.758057
-598.000000, -121.000000, 3952.000000, -631.860168, -125.654816, 3981.530029
-598.000000, -121.000000, 3952.000000, -621.472351, -128.815842, 3971.895020
-598.000000, -121.000000, 3952.000000, -613.897034, -131.068848, 3964.882568
-740.000000, -158.000000, 4010.000000, -648.575928, -143.134628, 3976.204102
-740.000000, -158.000000, 4010.000000, -673.873901, -151.882812, 3984.479004
-740.000000, -158.000000, 4010.000000, -692.324646, -158.209991, 3990.529785
-740.000000, -158.000000, 4010.000000, -705.777649, -162.770599, 3994.957031
-888.000000, -27.000000, 4157.000000, -757.477661, -128.959686, 4039.810791
-888.000000, -27.000000, 4157.000000, -795.177673, -104.243828, 4072.538330
-888.000000, -27.000000, 4157.000000, -822.659058, -86.167114, 4096.415039
-888.000000, -27.000000, 4157.000000, -842.682007, -72.936913, 4113.831055
-888.000000, -27.000000, 4157.000000, -857.261169, -63.244705, 4126.530762
-759.000000, 25.000000, 4156.000000, -831.355896, -41.417633, 4135.505859
-759.000000, 25.000000, 4156.000000, -812.431335, -25.459070, 4142.045410
-759.000000, 25.000000, 4156.000000, -798.602417, -13.784412, 4146.807129
-759.000000, 25.000000, 4156.000000, -788.493286, -5.236998, 4150.270996
-759.000000, 25.000000, 4156.000000, -781.099487, 1.027459, 4152.788086
-852.000000, 57.000000, 4275.000000, -802.006592, 14.681107, 4188.290527
-852.000000, 57.000000, 4275.000000, -817.238770, 24.667315, 4214.175293
-852.000000, 57.000000, 4275.000000, -828.328979, 31.976311, 4233.040039
-852.000000, 57.000000, 4275.000000, -836.396118, 37.330902, 4246.781250
-770.000000, -240.000000, 4222.000000, -819.053589, -42.782852, 4241.784668
-770.000000, -240.000000, 4222.000000, -806.379883, -101.196190, 4238.117676
-770.000000, -240.000000, 4222.000000, -797.114319, -143.770233, 4235.420898
-770.000000, -240.000000, 4222.000000, -790.336731, -174.783249, 4233.432129
-770.000000, -240.000000, 4222.000000, -785.375366, -197.358078, 4231.960938
-632.000000, -152.000000, 4022.000000, -742.694824, -188.875854, 4174.280273
-632.000000, -152.000000, 4022.000000, -711.548035, -182.636307, 4132.187988
-632.000000, -152.000000, 4022.000000, -688.820129, -178.034256, 4101.474121
-632.000000, -152.000000, 4022.000000, -672.237549, -174.627975, 4079.065918
-632.000000, -152.000000, 4022.000000, -660.140564, -172.095001, 4062.720215
-730.000000, -105.000000, 4005.000000, -679.042542, -156.903427, 4045.990234
-730.000000, -105.000000, 4005.000000, -692.832275, -145.776016, 4033.791504
-730.000000, -105.000000, 4005.000000, -702.890503, -137.615585, 4024.900146
-730.000000, -105.000000, 4005.000000, -710.225098, -131.621277, 4018.423096
-679.000000, -269.000000, 3958.000000, -701.144653, -173.601303, 4000.412598
-679.000000, -269.000000, 3958.000000, -694.517151, -204.182510, 3987.285889
-679.000000, -269.000000, 3958.000000, -689.680115, -226.443863, 3977.723877
-679.000000, -269.000000, 3958.000000, -686.150146, -242.632828, 3970.763672
-721.000000, -243.000000, 4093.000000, -695.454468, -247.035522, 4003.888916
-721.000000, -243.000000, 4093.000000, -702.240601, -250.193863, 4028.067139
-721.000000, -243.000000, 4093.000000, -707.188660, -252.444458, 4045.714600
-721.000000, -243.000000, 4093.000000, -710.795166, -254.033035, 4058.594971
-721.000000, -243.000000, 4093.000000, -713.422546, -255.138901, 4067.995605
-619.000000, -283.000000, 4083.000000, -686.485901, -267.206482, 4072.028076
-619.000000, -283.000000, 4083.000000, -666.834045, -275.956482, 4074.971680
-619.000000, -283.000000, 4083.000000, -652.499695, -282.285461, 4077.120850
-619.000000, -283.000000, 4083.000000, -642.046692, -286.847839, 4078.689697
-619.000000, -283.000000, 4083.000000, -634.426819, -290.121277, 4079.835449
-584.000000, 62.000000, 4093.000000, -618.976440, -194.883362, 4083.500000
-584.000000, 62.000000, 4093.000000, -607.713928, -125.361038, 4086.173828
-584.000000, 62.000000, 4093.000000, -599.508240, -74.609741, 4088.124268
-584.000000, 62.000000, 4093.000000, -593.533752, -37.560329, 4089.546631
-715.000000, -311.000000, 4121.000000, -626.234314, -115.996216, 4098.501953
-715.000000, -311.000000, 4121.000000, -650.099426, -173.190689, 4105.033691
-715.000000, -311.000000, 4121.000000, -667.515137, -214.880722, 4109.796387
-715.000000, -311.000000, 4121.000000, -680.223267, -245.253952, 4113.267578
-715.000000, -311.000000, 4121.000000, -689.495239, -267.367126, 4115.795898
-719.000000, -230.000000, 4101.000000, -697.390137, -260.546478, 4111.980469
-719.000000, -230.000000, 4101.000000, -703.148315, -255.523376, 4109.193848
-719.000000, -230.000000, 4101.000000, -707.346802, -251.812836, 4107.157227
-719.000000, -230.000000, 4101.000000, -710.406921, -249.060883, 4105.668457
-719.000000, -230.000000, 4101.000000, -712.636169, -247.009094, 4104.580078
-697.000000, -157.000000, 4056.000000, -708.038269, -224.827347, 4091.059326
-697.000000, -157.000000, 4056.000000, -704.681091, -208.604584, 4081.194336
-697.000000, -157.000000, 4056.000000, -702.229553, -196.731903, 4073.998291
-697.000000, -157.000000, 4056.000000, -700.439087, -188.034912, 4068.750000
-639.000000, -164.000000, 4069.000000, -682.731995, -183.635544, 4068.599121
-639.000000, -164.000000, 4069.000000, -669.814575, -180.393295, 4068.491699
-639.000000, -164.000000, 4069.000000, -660.393250, -177.996017, 4068.415771
-639.000000, -164.000000, 4069.000000, -653.523926, -176.215836, 4068.363037
-639.000000, -164.000000, 4069.000000, -648.517395, -174.886459, 4068.326904
-616.000000, -123.000000, 4070.000000, -638.367737, -162.294479, 4068.585693
-616.000000, -123.000000, 4070.000000, -630.970093, -153.079758, 4068.776855
-616.000000, -123.000000, 4070.000000, -625.581177, -146.330551, 4068.918701
-616.000000, -123.000000, 4070.000000, -621.658508, -141.381302, 4069.024414
-616.000000, -123.000000, 4070.000000, -618.806030, -137.746170, 4069.104004
-735.000000, -383.000000, 4077.000000, -650.378052, -208.577118, 4071.143066
-735.000000, -383.000000, 4077.000000, -673.417236, -260.219788, 4072.632812
-735.000000, -383.000000, 4077.000000, -690.227905, -297.856628, 4073.721436
-735.000000, -383.000000, 4077.000000, -702.492249, -325.270508, 4074.517090
-674.000000, -248.000000, 4010.000000, -694.192932, -307.057281, 4056.157715
-674.000000, -248.000000, 4010.000000, -688.137451, -293.724548, 4042.767334
-674.000000, -248.000000, 4010.000000, -683.719788, -283.954742, 4033.003906
-674.000000, -248.000000, 4010.000000, -680.497742, -276.786072, 4025.887695
-674.000000, -248.000000, 4010.000000, -678.148438, -271.516510, 4020.704102
-710.000000, -207.000000, 4135.000000, -686.613220, -256.043091, 4052.267822
-710.000000, -207.000000, 4135.000000, -692.789368, -244.718277, 4075.299805
-710.000000, -207.000000, 4135.000000, -697.295105, -236.422089, 4092.104248
-710.000000, -207.000000, 4135.000000, -700.581543, -230.336960, 4104.362793
-710.000000, -207.000000, 4135.000000, -702.977966, -225.866135, 4113.303223
-677.000000, -251.000000, 4174.000000, -695.396240, -235.012070, 4130.846191
-677.000000, -251.000000, 4174.000000, -689.864441, -241.653351, 4143.638672
-677.000000, -251.000000, 4174.000000, -685.828979, -246.466721, 4152.962891
-677.000000, -251.000000, 4174.000000, -682.885742, -249.946167, 4159.756348
-677.000000, -251.000000, 4174.000000, -680.739868, -252.452301, 4164.702637
-621.000000, -487.000000, 4112.000000, -663.346252, -320.959381, 4150.774414
-621.000000, -487.000000, 4112.000000, -650.660522, -370.898621, 4140.604004
-621.000000, -487.000000, 4112.000000, -641.411255, -407.284943, 4133.176270
-621.000000, -487.000000, 4112.000000, -634.670349, -433.778961, 4127.750977
-747.000000, -292.000000, 4159.000000, -665.376343, -397.932770, 4137.072754
-747.000000, -292.000000, 4159.000000, -687.782288, -371.730438, 4143.866699
-747.000000, -292.000000, 4159.000000, -704.129639, -352.568054, 4148.815430
-747.000000, -292.000000, 4159.000000, -716.054626, -338.544891, 4152.417969
-747.000000, -292.000000, 4159.000000, -724.751648, -328.273468, 4155.037598
-787.000000, -121.000000, 4185.000000, -742.398804, -272.406494, 4164.289062
-787.000000, -121.000000, 4185.000000, -755.267090, -231.616898, 4171.028320
-787.000000, -121.000000, 4185.000000, -764.647217, -201.833176, 4175.933594
-787.000000, -121.000000, 4185.000000, -771.481201, -180.083359, 4179.500977
-730.000000, -367.000000, 4167.000000, -760.345642, -233.730377, 4177.003906
-730.000000, -367.000000, 4167.000000, -752.212830, -272.845398, 4175.170898
-730.000000, -367.000000, 4167.000000, -746.271973, -301.353180, 4173.822266
-730.000000, -367.000000, 4167.000000, -741.931213, -322.118683, 4172.827637
-730.000000, -367.000000, 4167.000000, -738.758484, -337.233154, 4172.091309
-672.000000, -289.000000, 4135.000000, -720.044983, -326.176819, 4162.498535
-672.000000, -289.000000, 4135.000000, -706.389404, -318.075165, 4155.491211
-672.000000, -289.000000, 4135.000000, -696.425964, -312.130585, 4150.370605
-672.000000, -289.000000, 4135.000000, -689.157471, -307.760956, 4146.627441
-672.000000, -289.000000, 4135.000000, -683.856201, -304.541290, 4143.890137
-638.000000, -265.000000, 4099.000000, -670.381226, -295.378052, 4131.711914
-638.000000, -265.000000, 4099.000000, -660.554443, -288.663452, 4122.822266
-638.000000, -265.000000, 4099.000000, -653.390564, -283.736542, 4116.333496
-638.000000, -265.000000, 4099.000000, -648.170471, -280.114868, 4111.597168
-727.000000, -282.000000, 4133.000000, -669.523560, -282.250977, 4117.749512
-727.000000, -282.000000, 4133.000000, -685.106445, -283.783051, 4122.235352
-727.000000, -282.000000, 4133.000000, -696.477417, -284.874542, 4125.504883
-727.000000, -282.000000, 4133.000000, -704.773987, -285.644745, 4127.886719
-727.000000, -282.000000, 4133.000000, -710.826416, -286.180725, 4129.621094
-662.000000, -326.000000, 4091.000000, -696.869934, -298.981628, 4119.011719
-662.000000, -326.000000, 4091.000000, -686.688232, -308.293640, 4111.269043
-662.000000, -326.000000, 4091.000000, -679.261963, -315.059296, 4105.618652
-662.000000, -326.000000, 4091.000000, -673.846924, -319.966553, 4101.495605
-662.000000, -326.000000, 4091.000000, -669.900024, -323.517670, 4098.487305
-740.000000, -361.000000, 4102.000000, -689.069336, -335.970947, 4099.401367
-740.000000, -361.000000, 4102.000000, -703.056458, -345.025909, 4100.068848
-740.000000, -361.000000, 4102.000000, -713.260925, -351.600586, 4100.555664
-740.000000, -361.000000, 4102.000000, -720.704285, -356.365173, 4100.911133
-667.000000, -431.000000, 4056.000000, -705.500977, -379.592224, 4088.170166
-667.000000, -431.000000, 4056.000000, -694.408569, -396.502838, 4078.876221
-667.000000, -431.000000, 4056.000000, -686.316956, -408.803253, 4072.098633
-667.000000, -431.000000, 4056.000000, -680.415710, -417.738861, 4067.157715
-667.000000, -431.000000, 4056.000000, -676.113342, -424.218781, 4063.557373
-703.000000, -280.000000, 4105.000000, -683.152100, -386.231781, 4074.783691
-703.000000, -280.000000, 4105.000000, -688.290100, -358.483154, 4082.977783
-703.000000, -280.000000, 4105.000000, -692.040527, -338.208344, 4088.958008
-703.000000, -280.000000, 4105.000000, -694.778198, -323.389313, 4093.322754
-697.000000, -405.000000, 4090.000000, -695.080933, -347.879486, 4092.268555
-697.000000, -405.000000, 4090.000000, -695.302856, -365.719177, 4091.500732
-697.000000, -405.000000, 4090.000000, -695.465759, -378.704712, 4090.941406
-697.000000, -405.000000, 4090.000000, -695.585693, -388.147369, 4090.534424
-697.000000, -405.000000, 4090.000000, -695.674133, -395.004242, 4090.239014
-728.000000, -410.000000, 4106.000000, -704.500549, -401.387085, 4094.546143
-728.000000, -410.000000, 4106.000000, -710.939941, -406.010498, 4097.689453
-728.000000, -410.000000, 4106.000000, -715.636963, -409.350006, 4099.982910
-728.000000, -410.000000, 4106.000000, -719.062134, -411.752716, 4101.656250
-728.000000, -410.000000, 4106.000000, -721.559021, -413.471985, 4102.876465
-589.000000, -287.000000, 4046.000000, -684.096191, -379.932281, 4086.809814
-589.000000, -287.000000, 4046.000000, -656.766907, -355.433807, 4075.089844
-589.000000, -287.000000, 4046.000000, -636.834534, -337.535248, 4066.542725
-589.000000, -287.000000, 4046.000000, -622.301453, -324.454498, 4060.311279
-620.000000, -295.000000, 4080.000000, -620.470154, -317.151611, 4065.378662
-620.000000, -295.000000, 4080.000000, -619.145264, -311.804474, 4069.080078
-620.000000, -295.000000, 4080.000000, -618.189941, -307.885193, 4071.784668
-620.000000, -295.000000, 4080.000000, -617.504333, -305.008392, 4073.761475
-620.000000, -295.000000, 4080.000000, -617.015503, -302.892761, 4075.207031
-722.000000, -339.000000, 4113.000000, -645.495483, -313.767426, 4085.590576
-722.000000, -339.000000, 4113.000000, -666.281250, -321.683777, 4093.167725
-722.000000, -339.000000, 4113.000000, -681.450623, -327.440979, 4098.696289
-722.000000, -339.000000, 4113.000000, -692.520386, -331.622375, 4102.729980
-620.000000, -300.000000, 4058.000000, -671.772583, -323.632416, 4090.129395
-620.000000, -300.000000, 4058.000000, -656.639221, -317.785126, 4080.937012
-620.000000, -300.000000, 4058.000000, -645.604126, -313.502136, 4074.232666
-620.000000, -300.000000, 4058.000000, -637.560425, -310.361206, 4069.344482
-620.000000, -300.000000, 4058.000000, -631.700256, -308.054108, 4065.781982
-644.000000, -362.000000, 4126.000000, -634.216248, -323.876862, 4082.403809
-644.000000, -362.000000, 4126.000000, -636.060547, -335.403839, 4094.532471
-644.000000, -362.000000, 4126.000000, -637.414429, -343.795380, 4103.381836
-644.000000, -362.000000, 4126.000000, -638.410339, -349.898438, 4109.836914
-644.000000, -362.000000, 4126.000000, -639.144836, -354.331299, 4114.544434
-673.000000, -362.000000, 4111.000000, -647.883789, -357.545227, 4113.737793
-673.000000, -362.000000, 4111.000000, -654.266052, -359.869690, 4113.147461
-673.000000, -362.000000, 4111.000000, -658.928101, -361.545105, 4112.714355
-673.000000, -362.000000, 4111.000000, -662.334412, -362.747040, 4112.396484
-702.000000, -367.000000, 4063.000000, -673.019287, -365.016541, 4098.597656
-702.000000, -367.000000, 4063.000000, -680.817749, -366.651886, 4088.530762
-702.000000, -367.000000, 4063.000000, -686.509338, -367.824585, 4081.187256
-702.000000, -367.000000, 4063.000000, -690.662964, -368.659851, 4075.831787
-702.000000, -367.000000, 4063.000000, -693.693970, -369.249054, 4071.927246
-695.000000, -364.000000, 4118.000000, -693.927429, -368.811096, 4084.624756
-695.000000, -364.000000, 4118.000000, -694.097961, -368.471832, 4093.890381
-695.000000, -364.000000, 4118.000000, -694.222595, -368.204865, 4100.650879
-695.000000, -364.000000, 4118.000000, -694.313660, -367.990875, 4105.582520
-695.000000, -364.000000, 4118.000000, -694.380310, -367.815796, 4109.179688
-689.000000, -346.000000, 4167.000000, -692.733582, -362.582764, 4125.648926
-689.000000, -346.000000, 4167.000000, -691.532593, -358.747101, 4137.660645
-689.000000, -346.000000, 4167.000000, -690.656982, -355.931641, 4146.418945
-689.000000, -346.000000, 4167.000000, -690.018799, -353.861115, 4152.802246
-689.000000, -346.000000, 4167.000000, -689.554016, -352.334534, 4157.452148
-644.000000, -429.000000, 4104.000000, -676.499268, -374.660156, 4143.033203
-644.000000, -429.000000, 4104.000000, -666.977417, -390.930084, 4132.507812
-644.000000, -429.000000, 4104.000000, -660.034363, -402.779938, 4124.824219
-644.000000, -429.000000, 4104.000000, -654.973694, -411.403625, 4119.215332
-663.000000, -403.000000, 4033.000000, -656.656128, -410.325348, 4095.056396
-663.000000, -403.000000, 4033.000000, -657.888855, -409.516449, 4077.431396
-663.000000, -403.000000, 4033.000000, -658.793213, -408.904449, 4064.575684
-663.000000, -403.000000, 4033.000000, -659.457886, -408.436432, 4055.201172
-663.000000, -403.000000, 4033.000000, -659.947510, -408.073730, 4048.367676
-598.000000, -353.000000, 4003.000000, -641.941162, -393.658813, 4034.911621
-598.000000, -353.000000, 4003.000000, -628.811096, -383.123230, 4025.102783
-598.000000, -353.000000, 4003.000000, -619.240479, -375.419617, 4017.956299
-598.000000, -353.000000, 4003.000000, -612.267883, -369.783356, 4012.753418
-598.000000, -353.000000, 4003.000000, -607.191711, -365.656342, 4008.968750
-559.000000, -367.000000, 4039.000000, -592.478821, -366.587463, 4016.392578
-559.000000, -367.000000, 4039.000000, -581.757874, -367.252686, 4021.819580
-559.000000, -367.000000, 4039.000000, -573.950806, -367.724030, 4025.788818
-559.000000, -367.000000, 4039.000000, -568.270569, -368.054016, 4028.694092
-595.000000, -414.000000, 4088.000000, -574.315796, -381.562592, 4044.669189
-595.000000, -414.000000, 4088.000000, -578.741516, -391.402771, 4056.330811
-595.000000, -414.000000, 4088.000000, -581.985107, -398.565460, 4064.843994
-595.000000, -414.000000, 4088.000000, -584.365601, -403.773926, 4071.058838
-595.000000, -414.000000, 4088.000000, -586.115967, -407.556122, 4075.595947
-710.000000, -399.000000, 4159.000000, -619.903625, -406.058685, 4098.971680
-710.000000, -399.000000, 4159.000000, -644.562988, -404.948517, 4116.025391
-710.000000, -399.000000, 4159.000000, -662.559143, -404.121277, 4128.464355
-710.000000, -399.000000, 4159.000000, -675.691589, -403.500763, 4137.534668
-710.000000, -399.000000, 4159.000000, -685.273682, -403.031372, 4144.145996
-651.000000, -355.000000, 4105.000000, -675.591675, -390.238739, 4133.703125
-651.000000, -355.000000, 4105.000000, -668.528870, -380.890991, 4126.078613
-651.000000, -355.000000, 4105.000000, -663.377930, -374.058014, 4120.511719
-651.000000, -355.000000, 4105.000000, -659.622498, -369.060852, 4116.446777
-707.000000, -430.000000, 4114.000000, -672.710510, -386.597748, 4116.020996
-707.000000, -430.000000, 4114.000000, -682.260498, -399.378998, 4115.707520
-707.000000, -430.000000, 4114.000000, -689.227966, -408.689026, 4115.476074
-707.000000, -430.000000, 4114.000000, -694.310425, -415.465485, 4115.304688
-707.000000, -430.000000, 4114.000000, -698.016846, -420.392761, 4115.177246
-625.000000, -341.000000, 4067.000000, -677.546997, -398.820465, 4101.799805
-625.000000, -341.000000, 4067.000000, -662.613281, -383.067749, 4092.039062
-625.000000, -341.000000, 4067.000000, -651.720703, -371.563171, 4084.918213
-625.000000, -341.000000, 4067.000000, -643.777832, -363.159668, 4079.724365
-625.000000, -341.000000, 4067.000000, -637.988037, -357.019897, 4075.937256
-585.000000, -282.000000, 4077.000000, -622.466492, -335.860229, 4076.002686
-585.000000, -282.000000, 4077.000000, -611.150269, -320.417786, 4076.052979
-585.000000, -282.000000, 4077.000000, -602.903625, -309.148682, 4076.092285
-585.000000, -282.000000, 4077.000000, -596.897522, -300.925964, 4076.123291
-643.000000, -315.000000, 4138.000000, -608.916626, -304.252289, 4093.385986
-643.000000, -315.000000, 4138.000000, -617.695007, -306.678864, 4105.980957
-643.000000, -315.000000, 4138.000000, -624.107727, -308.448761, 4115.167969
-643.000000, -315.000000, 4138.000000, -628.793640, -309.739380, 4121.868164
-643.000000, -315.000000, 4138.000000, -632.218933, -310.680206, 4126.752930
-644.000000, -429.000000, 4164.000000, -635.006653, -343.580292, 4137.659668
-644.000000, -429.000000, 4164.000000, -637.046204, -367.578308, 4145.610840
-644.000000, -429.000000, 4164.000000, -638.539490, -385.078400, 4151.405273
-644.000000, -429.000000, 4164.000000, -639.634094, -397.835541, 4155.625488
-644.000000, -429.000000, 4164.000000, -640.437561, -407.130737, 4158.696289
-663.000000, -393.000000, 4167.000000, -646.397583, -403.726074, 4161.776367
-663.000000, -393.000000, 4167.000000, -650.749817, -401.229462, 4164.014648
-663.000000, -393.000000, 4167.000000, -653.928406, -399.395874, 4165.638672
-663.000000, -393.000000, 4167.000000, -656.250244, -398.046387, 4166.814453
-731.000000, -433.000000, 4163.000000, -677.162354, -408.353790, 4166.532715
-731.000000, -433.000000, 4163.000000, -692.419067, -415.861237, 4166.318359
-731.000000, -433.000000, 4163.000000, -703.547668, -421.325012, 4166.152832
-731.000000, -433.000000, 4163.000000, -711.662964, -425.297211, 4166.023438
-731.000000, -433.000000, 4163.000000, -717.578796, -428.180847, 4165.920410
-797.000000, -421.000000, 4182.000000, -740.539612, -426.879059, 4171.206055
-797.000000, -421.000000, 4182.000000, -757.282593, -425.915009, 4175.052734
-797.000000, -421.000000, 4182.000000, -769.487000, -425.197693, 4177.849121
-797.000000, -421.000000, 4182.000000, -778.378601, -424.660614, 4179.879395
-652.000000, -439.000000, 4082.000000, -743.877625, -429.341827, 4153.092285
-652.000000, -439.000000, 4082.000000, -718.697571, -432.743195, 4133.542480
-652.000000, -439.000000, 4082.000000, -700.321411, -435.210541, 4119.275391
-652.000000, -439.000000, 4082.000000, -686.911743, -436.996246, 4108.864746
-652.000000, -439.000000, 4082.000000, -677.127319, -438.284607, 4101.269043
-643.000000, -348.000000, 4113.000000, -667.445862, -413.495087, 4104.487793
-643.000000, -348.000000, 4113.000000, -660.384094, -395.398224, 4106.836426
-643.000000, -348.000000, 4113.000000, -655.234558, -382.186798, 4108.549805
-643.000000, -348.000000, 4113.000000, -651.480774, -372.541534, 4109.799805
-621.000000, -306.000000, 4085.000000, -642.528992, -353.631042, 4102.798828
-621.000000, -306.000000, 4085.000000, -636.002869, -339.831909, 4097.691406
-621.000000, -306.000000, 4085.000000, -631.247253, -329.763885, 4093.966309
-621.000000, -306.000000, 4085.000000, -627.783997, -322.419403, 4091.250000
-621.000000, -306.000000, 4085.000000, -625.264038, -317.062988, 4089.270264
-635.000000, -405.000000, 4067.000000, -627.388672, -341.133453, 4082.741699
-635.000000, -405.000000, 4067.000000, -628.945496, -358.694244, 4077.981689
-635.000000, -405.000000, 4067.000000, -630.087708, -371.503418, 4074.512451
-635.000000, -405.000000, 4067.000000, -630.927246, -380.844269, 4071.985596
-727.000000, -377.000000, 4093.000000, -657.543396, -379.741211, 4077.493652
-727.000000, -377.000000, 4093.000000, -676.964417, -378.931061, 4081.515869
-727.000000, -377.000000, 4093.000000, -691.133301, -378.334808, 4084.453613
-727.000000, -377.000000, 4093.000000, -701.468567, -377.894775, 4086.599365
-727.000000, -377.000000, 4093.000000, -709.005432, -377.568878, 4088.167480
-692.000000, -391.000000, 4119.000000, -704.609253, -381.282532, 4096.660645
-692.000000, -391.000000, 4119.000000, -701.398010, -383.986786, 4102.857910
-692.000000, -391.000000, 4119.000000, -699.051758, -385.954346, 4107.379883
-692.000000, -391.000000, 4119.000000, -697.336914, -387.384247, 4110.678711
-692.000000, -391.000000, 4119.000000, -696.083008, -388.421753, 4113.083984
-608.000000, -474.000000, 4101.000000, -671.428589, -412.627319, 4109.751465
-608.000000, -474.000000, 4101.000000, -653.442017, -430.278290, 4107.319336
-608.000000, -474.000000, 4101.000000, -640.322510, -443.144867, 4105.544434
-608.000000, -474.000000, 4101.000000, -630.755737, -452.519287, 4104.249512
-608.000000, -474.000000, 4101.000000, -623.782104, -459.344788, 4103.304688
-565.000000, -477.000000, 4047.000000, -606.550293, -465.157654, 4087.356201
-565.000000, -477.000000, 4047.000000, -593.987610, -469.383331, 4075.722656
-565.000000, -477.000000, 4047.000000, -584.833069, -472.450653, 4067.238770
-565.000000, -477.000000, 4047.000000, -578.166138, -474.672607, 4061.054199
