-46.000000, 122.000000, 4125.000000, 39.145844, 2.393330, 40.039009
-46.000000, 122.000000, 4125.000000, 148.734573, 9.136316, 76.017303
-62.000000, 139.000000, 4117.000000, 302.676056, 23.420931, 103.531471
-62.000000, 139.000000, 4117.000000, 465.946167, 44.036839, 120.078423
-62.000000, 139.000000, 4117.000000, 606.099609, 67.970032, 125.580994
-73.000000, 155.000000, 4123.000000, 703.994141, 94.779785, 122.220413
-73.000000, 155.000000, 4123.000000, 760.027588, 119.050034, 113.751099
-79.000000, 175.000000, 4123.000000, 780.823303, 143.731812, 102.886086
-79.000000, 175.000000, 4123.000000, 777.825195, 164.031799, 91.697067
-129.000000, 273.000000, 4124.000000, 749.703430, 200.599823, 80.154480
-129.000000, 273.000000, 4124.000000, 714.461121, 230.788895, 70.015152
-134.000000, 288.000000, 4119.000000, 675.245117, 258.442383, 61.203873
-134.000000, 288.000000, 4119.000000, 635.784729, 281.175049, 53.714764
-144.000000, 296.000000, 4118.000000, 595.746460, 301.328552, 47.245850
-144.000000, 296.000000, 4118.000000, 557.913940, 318.039062, 41.788525
-144.000000, 296.000000, 4118.000000, 522.591309, 331.966064, 37.176830
-148.000000, 323.000000, 4107.000000, 489.129089, 347.839935, 33.223984
-148.000000, 323.000000, 4107.000000, 458.292755, 361.292389, 29.868202
-165.000000, 337.000000, 4128.000000, 427.687744, 374.755371, 26.886501
-165.000000, 337.000000, 4128.000000, 399.676453, 386.303131, 24.347651
-166.000000, 347.000000, 4115.000000, 373.818848, 397.574402, 22.166822
-166.000000, 347.000000, 4115.000000, 350.153473, 407.334930, 20.299999
-166.000000, 347.000000, 4115.000000, 328.482819, 415.811005, 18.698612
-179.000000, 368.000000, 4114.000000, 307.077209, 425.696350, 17.251280
-179.000000, 368.000000, 4114.000000, 287.490479, 434.364868, 16.009388
-180.000000, 377.000000, 4113.000000, 269.440277, 442.986542, 14.938295
-180.000000, 377.000000, 4113.000000, 252.907974, 450.583435, 14.019571
-198.000000, 358.000000, 4098.000000, 235.795471, 455.263153, 13.149159
-198.000000, 358.000000, 4098.000000, 220.133301, 459.328430, 12.405634
-198.000000, 358.000000, 4098.000000, 205.797073, 462.843414, 11.772507
-194.000000, 407.000000, 4104.000000, 193.092300, 470.682739, 11.252925
-194.000000, 407.000000, 4104.000000, 181.472382, 477.673218, 10.815742
-198.000000, 413.000000, 4117.000000, 170.525955, 484.461548, 10.439903
-198.000000, 413.000000, 4117.000000, 160.533371, 490.508942, 10.129704
-198.000000, 413.000000, 4117.000000, 151.425430, 495.879883, 9.877589
-198.000000, 333.000000, 4011.000000, 142.785049, 493.505798, 9.651127
-198.000000, 333.000000, 4011.000000, 134.925262, 491.054291, 9.471848
45.000000, 724.000000, 4052.000000, 148.836121, 522.262329, 10.125396
45.000000, 724.000000, 4052.000000, 162.066727, 551.199219, 10.734085
-175.000000, 552.000000, 4122.000000, 156.475784, 563.602844, 10.633573
-175.000000, 552.000000, 4122.000000, 151.441772, 574.953857, 10.562707
-175.000000, 552.000000, 4122.000000, 146.928452, 585.325500, 10.518212
-243.000000, 397.000000, 4115.000000, 137.370834, 582.193481, 10.290492
-243.000000, 397.000000, 4115.000000, 128.573349, 578.903748, 10.102295
-230.000000, 440.000000, 4095.000000, 121.461670, 578.894836, 9.983556
-230.000000, 440.000000, 4095.000000, 114.960701, 578.563171, 9.893697
-230.000000, 440.000000, 4095.000000, 109.031006, 577.927063, 9.829763
-1125.000000, -203.000000, 4082.000000, 33.773136, 526.727051, 7.158704
-1125.000000, -203.000000, 4082.000000, -37.608803, 477.691071, 4.727201
-399.000000, 249.000000, 4081.000000, -49.236488, 465.708435, 4.642947
-399.000000, 249.000000, 4081.000000, -59.940372, 454.088470, 4.596569
297.000000, 1101.000000, 4130.000000, -16.285534, 508.264526, 6.630164
297.000000, 1101.000000, 4130.000000, 25.826784, 559.878723, 8.532852
297.000000, 1101.000000, 4130.000000, 66.429398, 609.021179, 10.309750
650.000000, 681.000000, 4158.000000, 132.476059, 623.764282, 13.005966
650.000000, 681.000000, 4158.000000, 195.931030, 637.545471, 15.504821
-390.000000, 631.000000, 4147.000000, 177.975327, 646.603882, 14.758163
-390.000000, 631.000000, 4147.000000, 160.762466, 654.930359, 14.066109
557.000000, 691.000000, 4153.000000, 215.935196, 667.105896, 16.217585
557.000000, 691.000000, 4153.000000, 268.924652, 678.428223, 18.203547
557.000000, 691.000000, 4153.000000, 319.753357, 688.929749, 20.030233
-537.000000, 807.000000, 4053.000000, 285.477295, 707.427673, 18.437313
-537.000000, 807.000000, 4053.000000, 252.348160, 724.820435, 16.947889
-190.000000, 599.000000, 4232.000000, 247.122330, 725.386108, 16.635393
-190.000000, 599.000000, 4232.000000, 242.018768, 725.529419, 16.338348
-190.000000, 599.000000, 4232.000000, 237.038666, 725.280212, 16.056343
-268.000000, 461.000000, 3824.000000, 225.063065, 714.204407, 15.453403
-268.000000, 461.000000, 3824.000000, 213.438629, 703.199585, 14.886661
-693.000000, 690.000000, 4126.000000, 170.896469, 709.671692, 13.156219
-693.000000, 690.000000, 4126.000000, 129.963501, 715.592224, 11.556003
-693.000000, 690.000000, 4126.000000, 90.638771, 720.984680, 10.081263
-34.000000, 840.000000, 4224.000000, 103.191666, 737.275146, 10.736256
-34.000000, 840.000000, 4224.000000, 115.403587, 752.641602, 11.351235
451.000000, 998.000000, 4296.000000, 164.302109, 779.131348, 13.408868
451.000000, 998.000000, 4296.000000, 211.406097, 804.276550, 15.313222
436.000000, 924.000000, 4422.000000, 255.945847, 822.463684, 17.056221
436.000000, 924.000000, 4422.000000, 298.721375, 839.576660, 18.659363
436.000000, 924.000000, 4422.000000, 339.733215, 855.644104, 20.128157
604.000000, 1083.000000, 4155.000000, 390.965973, 882.826904, 21.909634
604.000000, 1083.000000, 4155.000000, 439.951782, 908.550110, 23.530365
444.000000, 926.000000, 4117.000000, 474.405853, 920.856812, 24.502916
444.000000, 926.000000, 4117.000000, 507.133606, 932.239319, 25.367697
-367.000000, 886.000000, 4204.000000, 476.607361, 939.676392, 23.692377
-367.000000, 886.000000, 4204.000000, 446.848572, 946.380310, 22.114420
-367.000000, 886.000000, 4204.000000, 417.890991, 952.386536, 20.631330
-314.000000, 758.000000, 3810.000000, 392.611115, 947.941223, 19.302097
-314.000000, 758.000000, 3810.000000, 368.025177, 943.254211, 18.053589
-670.000000, 570.000000, 3622.000000, 316.415222, 923.975647, 15.755698
-670.000000, 570.000000, 3622.000000, 266.616333, 905.089417, 13.621765
-670.000000, 570.000000, 3622.000000, 218.643906, 886.624146, 11.645841
-643.000000, 575.000000, 3515.000000, 174.243118, 868.987427, 9.876945
-643.000000, 575.000000, 3515.000000, 131.597214, 851.803040, 8.248586
-364.000000, 542.000000, 3404.000000, 111.673180, 832.563110, 7.573788
-364.000000, 542.000000, 3404.000000, 92.646317, 813.909790, 6.961647
-496.000000, 467.000000, 3663.000000, 65.210426, 790.113403, 6.073849
-496.000000, 467.000000, 3663.000000, 39.050095, 767.154297, 5.272244
-496.000000, 467.000000, 3663.000000, 14.147821, 745.038757, 4.552680
-901.000000, 214.000000, 3676.000000, -40.412495, 704.398193, 2.685782
-901.000000, 214.000000, 3676.000000, -92.525459, 665.376587, 0.990682
-1248.000000, -21.000000, 3621.000000, -168.891403, 609.975708, -1.606852
-1248.000000, -21.000000, 3621.000000, -241.815842, 556.897217, -3.964005
-1248.000000, -21.000000, 3621.000000, -311.339996, 506.125183, -6.092048
-1377.000000, -206.000000, 3080.000000, -389.005859, 443.473206, -8.529144
-1377.000000, -206.000000, 3080.000000, -462.982208, 383.643585, -10.722536
-1336.000000, -55.000000, 2951.000000, -530.586121, 338.163025, -12.592383
-1336.000000, -55.000000, 2951.000000, -594.747070, 294.969543, -14.250996
-1226.000000, -137.000000, 2597.000000, -648.205627, 247.741806, -15.465077
-1226.000000, -137.000000, 2597.000000, -698.698364, 202.960587, -16.513048
-1226.000000, -137.000000, 2597.000000, -746.299011, 160.574631, -17.404470
-973.000000, 106.000000, 3292.000000, -769.658264, 139.130508, -17.207447
-973.000000, 106.000000, 3292.000000, -791.052490, 119.227203, -16.940279
-1001.000000, 173.000000, 3710.000000, -811.438843, 105.935577, -16.589008
-1001.000000, 173.000000, 3710.000000, -829.945251, 93.864990, -16.177116
-899.000000, 201.000000, 3928.000000, -838.210938, 85.101677, -15.346744
-899.000000, 201.000000, 3928.000000, -845.081421, 77.361069, -14.494063
-899.000000, 201.000000, 3928.000000, -850.642761, 70.588379, -13.623375
-764.000000, 153.000000, 4042.000000, -844.325806, 61.056572, -12.301136
-764.000000, 153.000000, 4042.000000, -837.274475, 52.533474, -11.002385
-547.000000, 233.000000, 4268.000000, -812.314880, 51.090000, -9.015221
-480.000000, 299.000000, 4466.000000, -781.717407, 55.360222, -6.857538
-480.000000, 299.000000, 4466.000000, -751.470215, 60.043674, -4.799629
-480.000000, 299.000000, 4466.000000, -721.638184, 65.094528, -2.840099
-554.000000, 304.000000, 4370.000000, -698.219910, 70.851967, -1.225597
-554.000000, 304.000000, 4370.000000, -675.103333, 76.877037, 0.312679
-620.000000, 287.000000, 4623.000000, -656.607422, 81.830147, 1.639541
-620.000000, 287.000000, 4623.000000, -638.302063, 87.027489, 2.906036
-620.000000, 287.000000, 4623.000000, -620.228149, 92.434616, 4.112941
-442.000000, 351.000000, 4986.000000, -587.736023, 102.916168, 5.891414
-442.000000, 351.000000, 4986.000000, -556.086914, 113.349380, 7.565651
-205.000000, 802.000000, 4534.000000, -508.590454, 158.214874, 9.742817
-205.000000, 802.000000, 4534.000000, -462.715332, 201.603378, 11.768999
-709.000000, 736.000000, 4109.000000, -458.235077, 238.446182, 12.016445
-709.000000, 736.000000, 4109.000000, -453.868896, 273.981689, 12.249516
-709.000000, 736.000000, 4109.000000, -449.621338, 308.201996, 12.468601
-306.000000, 1108.000000, 4554.000000, -413.387085, 369.566956, 14.006406
-306.000000, 1108.000000, 4554.000000, -378.502838, 428.480408, 15.429433
-281.000000, 705.000000, 3481.000000, -346.312683, 454.115997, 16.548380
-281.000000, 705.000000, 3481.000000, -315.549469, 478.552429, 17.566168
-281.000000, 705.000000, 3481.000000, -286.197357, 501.807281, 18.487450
-456.000000, 582.000000, 4183.000000, -269.469147, 514.489136, 18.963104
-456.000000, 582.000000, 4183.000000, -253.579865, 526.405823, 19.386536
-791.000000, 425.000000, 4117.000000, -264.284088, 525.567078, 18.729265
-791.000000, 425.000000, 4117.000000, -274.776306, 524.486877, 18.106567
-906.000000, 451.000000, 4477.000000, -292.728577, 525.176392, 17.259800
-906.000000, 451.000000, 4477.000000, -310.090088, 525.587708, 16.470179
-906.000000, 451.000000, 4477.000000, -326.853333, 525.740845, 15.735726
-677.000000, 554.000000, 4202.000000, -326.366455, 533.536072, 15.678967
-677.000000, 554.000000, 4202.000000, -325.968964, 540.797058, 15.620918
346.000000, 828.000000, 4130.000000, -247.787094, 568.507324, 18.642199
346.000000, 828.000000, 4130.000000, -172.791306, 594.885925, 21.416780
346.000000, 828.000000, 4130.000000, -100.965546, 619.954651, 23.955120
-128.000000, 770.000000, 4103.000000, -68.547943, 639.299683, 24.825167
-128.000000, 770.000000, 4103.000000, -37.803787, 657.561707, 25.594175
-59.000000, 735.000000, 3959.000000, -3.867676, 672.090149, 26.440363
-59.000000, 735.000000, 3959.000000, 28.257103, 685.698181, 27.180990
-323.000000, 649.000000, 4115.000000, 38.932690, 691.834595, 27.061464
-323.000000, 649.000000, 4115.000000, 48.683350, 697.371338, 26.909994
-323.000000, 649.000000, 4115.000000, 57.550270, 702.337463, 26.729488
-343.000000, 426.000000, 3653.000000, 62.648228, 689.698792, 26.346106
-343.000000, 426.000000, 3653.000000, 67.004074, 677.225769, 25.948538
2.000000, 416.000000, 3544.000000, 96.665619, 664.178528, 26.556646
2.000000, 416.000000, 3544.000000, 124.622902, 651.375427, 27.072920
2.000000, 416.000000, 3544.000000, 150.921448, 638.836670, 27.502823
-77.000000, 224.000000, 3289.000000, 168.805847, 611.889282, 27.548340
-77.000000, 224.000000, 3289.000000, 185.366989, 585.825012, 27.539537
-499.000000, 180.000000, 3887.000000, 170.255173, 557.288818, 26.352633
-499.000000, 180.000000, 3887.000000, 155.204132, 529.789490, 25.215391
-333.000000, 180.000000, 3344.000000, 151.281372, 503.331299, 24.493872
-333.000000, 180.000000, 3344.000000, 146.993759, 477.914948, 23.786600
-333.000000, 180.000000, 3344.000000, 142.382294, 453.537994, 23.094635
-242.000000, 444.000000, 4053.000000, 146.579391, 450.394867, 22.872601
-242.000000, 444.000000, 4053.000000, 150.251709, 447.472778, 22.638582
-394.000000, 404.000000, 3739.000000, 140.874771, 441.703156, 21.854963
-394.000000, 404.000000, 3739.000000, 131.492157, 436.260406, 21.102316
-394.000000, 404.000000, 3739.000000, 122.132797, 431.136078, 20.380554
-293.000000, 482.000000, 4018.000000, 121.377930, 432.289551, 20.065493
-293.000000, 482.000000, 4018.000000, 120.390617, 433.505798, 19.753750
-685.000000, 149.000000, 3702.000000, 88.312492, 409.296936, 18.179358
-685.000000, 149.000000, 3702.000000, 57.233501, 386.149384, 16.707287
-774.000000, 123.000000, 3750.000000, 20.523426, 362.062927, 15.076669
-774.000000, 123.000000, 3750.000000, -14.885717, 339.092957, 13.562588
-774.000000, 123.000000, 3750.000000, -48.985935, 317.223846, 12.160721
-1005.000000, -23.000000, 3584.000000, -99.909256, 285.266663, 10.125386
-1005.000000, -23.000000, 3584.000000, -148.819321, 254.817856, 8.250966
-1041.000000, -66.000000, 3593.000000, -198.442337, 222.564453, 6.424057
-1041.000000, -66.000000, 3593.000000, -245.959473, 191.901993, 4.753439
-1128.000000, -112.000000, 3645.000000, -297.870941, 159.282242, 2.981776
-1128.000000, -112.000000, 3645.000000, -347.450989, 128.334000, 1.373153
-1128.000000, -112.000000, 3645.000000, -394.727478, 99.023407, -0.080024
-1223.000000, -237.000000, 3352.000000, -447.872040, 61.749886, -1.746569
-1223.000000, -237.000000, 3352.000000, -498.494293, 26.420469, -3.246683
-1382.000000, -326.000000, 3498.000000, -558.328064, -13.816041, -5.033463
-1382.000000, -326.000000, 3498.000000, -615.239563, -51.922558, -6.633157
-1382.000000, -326.000000, 3498.000000, -669.279663, -87.946259, -8.055230
-1373.000000, -255.000000, 3284.000000, -720.465210, -116.504486, -9.335449
-1373.000000, -255.000000, 3284.000000, -768.922241, -143.298462, -10.456437
-1338.000000, -119.000000, 3710.000000, -810.750610, -157.975754, -11.213980
-1338.000000, -119.000000, 3710.000000, -850.083618, -171.411575, -11.842347
-1022.000000, 15.000000, 3752.000000, -862.744690, -173.407120, -11.381867
-1022.000000, 15.000000, 3752.000000, -874.015442, -174.677414, -10.884550
-1022.000000, 15.000000, 3752.000000, -883.967957, -175.274109, -10.354727
-779.000000, 288.000000, 4350.000000, -872.313232, -154.358414, -8.910304
-779.000000, 288.000000, 4350.000000, -860.218262, -133.698807, -7.505919
-672.000000, 293.000000, 4184.000000, -840.088928, -112.955887, -5.860383
-672.000000, 293.000000, 4184.000000, -819.981201, -92.566444, -4.281211
-672.000000, 293.000000, 4184.000000, -799.954407, -72.565399, -2.768123
-999.000000, 273.000000, 4417.000000, -804.318054, -54.514111, -2.252557
-999.000000, 273.000000, 4417.000000, -807.873962, -36.848724, -1.725465
-1026.000000, 245.000000, 4094.000000, -813.712463, -21.735817, -1.352233
-1026.000000, 245.000000, 4094.000000, -818.761658, -6.968690, -0.962542
-1129.000000, 127.000000, 4056.000000, -831.043945, -1.594496, -0.880348
-1129.000000, 127.000000, 4056.000000, -842.313049, 3.759278, -0.761222
-1129.000000, 127.000000, 4056.000000, -852.612305, 9.077925, -0.608356
-853.000000, 155.000000, 4078.000000, -840.850464, 16.490381, 0.416682
-853.000000, 155.000000, 4078.000000, -829.042725, 23.756592, 1.402733
-989.000000, 33.000000, 4261.000000, -827.055359, 21.530870, 1.983830
-989.000000, 33.000000, 4261.000000, -824.684692, 19.510303, 2.557001
-989.000000, 33.000000, 4261.000000, -821.967285, 17.685333, 3.121112
-783.000000, 64.000000, 4191.000000, -803.425659, 18.418495, 4.281497
-783.000000, 64.000000, 4191.000000, -785.231079, 19.234076, 5.381917
-438.000000, 222.000000, 4320.000000, -740.687073, 32.212616, 7.500959
-438.000000, 222.000000, 4320.000000, -697.592285, 44.774849, 9.478135
-209.000000, 316.000000, 4538.000000, -637.826477, 64.106834, 12.066650
-209.000000, 316.000000, 4538.000000, -580.239624, 82.725121, 14.465656
-451.000000, 323.000000, 4733.000000, -542.721497, 101.163338, 15.998376
-451.000000, 323.000000, 4733.000000, -506.656128, 118.864891, 17.412434
-652.000000, 224.000000, 4315.000000, -488.650543, 128.257401, 17.998842
-652.000000, 224.000000, 4315.000000, -471.479492, 137.222198, 18.528791
-652.000000, 224.000000, 4315.000000, -455.131256, 145.764755, 19.004995
-554.000000, 383.000000, 4477.000000, -431.621307, 166.057281, 19.767633
-554.000000, 383.000000, 4477.000000, -409.203796, 185.456390, 20.456562
-600.000000, 245.000000, 4100.000000, -392.516327, 193.412476, 20.841322
-600.000000, 245.000000, 4100.000000, -376.748444, 200.916565, 21.174276
-580.000000, 303.000000, 4423.000000, -359.372650, 212.418304, 21.600080
-580.000000, 303.000000, 4423.000000, -342.931183, 223.315247, 21.971859
-580.000000, 303.000000, 4423.000000, -327.402435, 233.620575, 22.292620
-422.000000, 205.000000, 4294.000000, -301.094025, 235.849792, 23.011448
-422.000000, 205.000000, 4294.000000, -276.132019, 237.814682, 23.648235
90.000000, 265.000000, 4300.000000, -213.389130, 244.120407, 25.759588
90.000000, 265.000000, 4300.000000, -153.491730, 250.007095, 27.673981
90.000000, 265.000000, 4300.000000, -96.403923, 255.488937, 29.400675
-272.000000, 38.000000, 3940.000000, -70.806519, 243.211380, 29.761951
-272.000000, 38.000000, 3940.000000, -46.830399, 231.249634, 30.044512
-277.000000, -41.000000, 3634.000000, -25.732756, 213.571213, 30.161530
-277.000000, -41.000000, 3634.000000, -6.137801, 196.471832, 30.214262
-56.000000, 69.000000, 3374.000000, 28.091799, 188.375778, 30.811539
-56.000000, 69.000000, 3374.000000, 60.258469, 180.536407, 31.303183
-56.000000, 69.000000, 3374.000000, 90.422432, 172.957932, 31.695786
6.000000, 380.000000, 3921.000000, 125.034698, 189.439468, 32.320911
6.000000, 380.000000, 3921.000000, 157.580460, 205.239014, 32.839149
-254.000000, 370.000000, 4557.000000, 170.199158, 219.595612, 32.629356
-254.000000, 370.000000, 4557.000000, 181.661514, 233.310776, 32.382034
-254.000000, 370.000000, 4557.000000, 192.021225, 246.391907, 32.100807
7.000000, 456.000000, 4280.000000, 220.414856, 265.428040, 32.510075
7.000000, 456.000000, 4280.000000, 247.017929, 283.586761, 32.832001
-53.000000, 379.000000, 4296.000000, 267.355255, 294.988373, 32.894585
-53.000000, 379.000000, 4296.000000, 286.197845, 305.772888, 32.895363
-746.000000, 230.000000, 4775.000000, 252.155777, 304.554077, 30.860405
-746.000000, 230.000000, 4775.000000, 218.838745, 303.201965, 28.935228
-746.000000, 230.000000, 4775.000000, 186.292465, 301.730865, 27.117277
-773.000000, 216.000000, 4332.000000, 151.154114, 299.083130, 25.210827
-773.000000, 216.000000, 4332.000000, 116.942780, 296.385498, 23.417057
-741.000000, 275.000000, 4003.000000, 85.137558, 298.164368, 21.747082
-741.000000, 275.000000, 4003.000000, 54.222649, 299.736755, 20.178915
-741.000000, 275.000000, 4003.000000, 24.223810, 301.113617, 18.709528
-663.000000, 327.000000, 4222.000000, 1.779238, 306.284546, 17.627071
-663.000000, 327.000000, 4222.000000, -19.948652, 311.122772, 16.616146
-951.000000, 171.000000, 4768.000000, -61.278511, 303.702759, 14.939179
-951.000000, 171.000000, 4768.000000, -100.997467, 296.447235, 13.392894
-1382.000000, -151.000000, 4024.000000, -174.260590, 264.727905, 10.479702
-1382.000000, -151.000000, 4024.000000, -244.613403, 234.172226, 7.797966
-1382.000000, -151.000000, 4024.000000, -312.064972, 204.783997, 5.338111
-1119.000000, -110.000000, 3552.000000, -357.986877, 179.700302, 3.768655
-1119.000000, -110.000000, 3552.000000, -401.848389, 155.655518, 2.343436
-964.000000, 25.000000, 3697.000000, -431.403381, 142.972717, 1.561623
-964.000000, 25.000000, 3697.000000, -459.422180, 130.901825, 0.871891
-964.000000, 25.000000, 3697.000000, -485.937225, 119.432709, 0.269286
-1029.000000, -10.000000, 3899.000000, -515.332886, 105.876152, -0.397174
-1029.000000, -10.000000, 3899.000000, -543.098267, 93.004738, -0.972413
-598.000000, 421.000000, 4332.000000, -535.063416, 113.782997, -0.047500
-598.000000, 421.000000, 4332.000000, -526.790344, 133.905014, 0.850043
-807.000000, 643.000000, 5076.000000, -532.022400, 170.346115, 1.273423
-807.000000, 643.000000, 5076.000000, -536.465271, 205.435272, 1.711261
-807.000000, 643.000000, 5076.000000, -540.165955, 239.169327, 2.161120
-259.000000, 923.000000, 3723.000000, -505.438171, 292.973541, 3.940686
-259.000000, 923.000000, 3723.000000, -471.722900, 344.575531, 5.609232
164.000000, 1032.000000, 4473.000000, -404.485138, 402.327057, 8.639744
164.000000, 1032.000000, 4473.000000, -339.589722, 457.573273, 11.456664
164.000000, 1032.000000, 4473.000000, -277.054504, 510.337952, 14.067789
-176.000000, 814.000000, 3317.000000, -246.342911, 543.970398, 15.160809
-176.000000, 814.000000, 3317.000000, -216.969299, 575.850098, 16.157223
93.000000, 858.000000, 4082.000000, -166.070206, 609.380920, 18.068289
93.000000, 858.000000, 4082.000000, -117.296936, 641.101624, 19.818922
-735.000000, 359.000000, 4080.000000, -133.843613, 632.873535, 18.907728
-735.000000, 359.000000, 4080.000000, -149.966125, 624.442749, 18.049641
-735.000000, 359.000000, 4080.000000, -165.647980, 615.850403, 17.243198
-801.000000, 186.000000, 3770.000000, -186.852081, 593.897888, 16.209139
-801.000000, 186.000000, 3770.000000, -207.389633, 572.385498, 15.242694
-960.000000, -109.000000, 3640.000000, -239.779739, 528.773132, 13.827393
-960.000000, -109.000000, 3640.000000, -271.000458, 486.559570, 12.514836
-960.000000, -109.000000, 3640.000000, -301.046417, 445.766144, 11.301147
-1495.000000, -282.000000, 3715.000000, -370.526581, 393.171082, 8.580863
-1495.000000, -282.000000, 3715.000000, -437.207611, 342.548553, 6.079945
-1497.000000, -685.000000, 3078.000000, -503.183228, 263.066040, 3.623149
-1497.000000, -685.000000, 3078.000000, -566.384644, 186.784042, 1.374240
-1676.000000, -849.000000, 2401.000000, -642.546082, 101.141075, -1.388058
-1676.000000, -849.000000, 2401.000000, -715.437073, 19.163670, -3.910618
-1676.000000, -849.000000, 2401.000000, -785.086609, -59.179512, -6.204130
-1704.000000, -747.000000, 2359.000000, -853.795593, -126.123962, -8.374519
-1704.000000, -747.000000, 2359.000000, -919.258057, -189.832947, -10.329683
345.000000, 272.000000, 2119.000000, -825.846985, -172.391953, -5.934400
345.000000, 272.000000, 2119.000000, -735.519592, -154.934998, -1.836457
345.000000, 272.000000, 2119.000000, -648.314392, -137.516342, 1.974459
467.000000, 940.000000, 5069.000000, -546.009705, -69.074173, 6.619174
467.000000, 940.000000, 5069.000000, -447.237976, -2.802362, 10.938794
-52.000000, 587.000000, 5072.000000, -391.635956, 34.254063, 13.373883
-52.000000, 587.000000, 5072.000000, -338.036316, 70.154854, 15.632578
-52.000000, 587.000000, 5072.000000, -286.448578, 104.879341, 17.721519
-845.000000, 48.000000, 4908.000000, -297.903198, 97.170593, 17.204323
-845.000000, 48.000000, 4908.000000, -308.959625, 89.902252, 16.723516
-673.000000, 142.000000, 3856.000000, -309.671997, 90.255081, 16.534513
-673.000000, 142.000000, 3856.000000, -310.503998, 90.738167, 16.348288
-545.000000, 275.000000, 3967.000000, -301.337280, 101.516525, 16.580759
-545.000000, 275.000000, 3967.000000, -292.656281, 111.997375, 16.784704
-545.000000, 275.000000, 3967.000000, -284.450134, 122.171638, 16.961687
-1294.000000, 484.000000, 4950.000000, -330.902557, 148.023422, 15.091540
-1294.000000, 484.000000, 4950.000000, -375.530914, 172.918152, 13.368223
-1120.000000, 239.000000, 4625.000000, -406.041901, 178.107315, 12.231117
-1120.000000, 239.000000, 4625.000000, -435.270813, 183.084488, 11.190153
-1120.000000, 239.000000, 4625.000000, -463.226990, 187.850739, 10.241133
-436.000000, 422.000000, 4241.000000, -438.875122, 206.409943, 11.355163
-436.000000, 422.000000, 4241.000000, -415.356445, 224.204254, 12.391782
-550.000000, 460.000000, 4136.000000, -401.698456, 244.145676, 12.982111
-550.000000, 460.000000, 4136.000000, -388.539520, 263.217224, 13.529136
-1018.000000, -106.000000, 4059.000000, -411.837891, 238.120224, 12.597687
-1018.000000, -106.000000, 4059.000000, -434.215393, 213.897751, 11.739860
-707.000000, 364.000000, 4088.000000, -431.847534, 226.518433, 11.901868
-707.000000, 364.000000, 4088.000000, -429.511261, 238.591248, 12.056173
-707.000000, 364.000000, 4088.000000, -427.211243, 250.121414, 12.202896
-633.000000, 388.000000, 4096.000000, -419.278961, 262.951782, 12.568313
-633.000000, 388.000000, 4096.000000, -411.615753, 275.180450, 12.908505
-693.000000, 225.000000, 4097.000000, -408.801147, 274.344391, 13.042894
-693.000000, 225.000000, 4097.000000, -406.077667, 273.422333, 13.168318
-693.000000, 225.000000, 4097.000000, -403.446625, 272.423676, 13.285081
-701.000000, 198.000000, 4084.000000, -401.558899, 269.291412, 13.365996
-701.000000, 198.000000, 4084.000000, -399.740814, 266.182190, 13.440928
-699.000000, 196.000000, 4087.000000, -397.830780, 262.950623, 13.516919
-699.000000, 196.000000, 4087.000000, -395.996582, 259.762878, 13.586876
-704.000000, 188.000000, 4100.000000, -394.580231, 256.013123, 13.639169
-704.000000, 188.000000, 4100.000000, -393.223877, 252.343597, 13.687000
-704.000000, 188.000000, 4100.000000, -391.927002, 248.759338, 13.730566
-703.000000, 198.000000, 4089.000000, -390.645996, 246.029816, 13.770328
-703.000000, 198.000000, 4089.000000, -389.426178, 243.363190, 13.806079
-695.000000, 202.000000, 4093.000000, -387.643768, 241.068802, 13.863254
-695.000000, 202.000000, 4093.000000, -385.944794, 238.831253, 13.914842
-695.000000, 202.000000, 4093.000000, -384.328003, 236.652969, 13.961115
-700.000000, 207.000000, 4096.000000, -383.164581, 234.918640, 13.987948
-700.000000, 207.000000, 4096.000000, -382.065277, 233.232162, 14.011170
-707.000000, 210.000000, 4092.000000, -381.574951, 231.824554, 14.008780
-707.000000, 210.000000, 4092.000000, -381.124237, 230.458328, 14.004913
-708.000000, 215.000000, 4088.000000, -380.799957, 229.517029, 13.995660
-708.000000, 215.000000, 4088.000000, -380.508942, 228.603638, 13.985455
-708.000000, 215.000000, 4088.000000, -380.249542, 227.718811, 13.974401
-703.000000, 219.000000, 4096.000000, -379.614227, 227.169083, 13.979753
-703.000000, 219.000000, 4096.000000, -379.022461, 226.636597, 13.983162
-711.000000, 211.000000, 4100.000000, -379.071289, 225.509521, 13.961542
-711.000000, 211.000000, 4100.000000, -379.136261, 224.424591, 13.940141
-706.000000, 224.000000, 4087.000000, -378.873688, 224.376572, 13.930885
-706.000000, 224.000000, 4087.000000, -378.639709, 224.331085, 13.920865
-706.000000, 224.000000, 4087.000000, -378.432800, 224.288071, 13.910169
-703.000000, 218.000000, 4084.000000, -378.031647, 223.788376, 13.907214
-703.000000, 218.000000, 4084.000000, -377.663818, 223.309341, 13.903054
-711.000000, 222.000000, 4089.000000, -377.923401, 223.156876, 13.874819
-711.000000, 222.000000, 4089.000000, -378.189178, 223.012558, 13.847463
-711.000000, 222.000000, 4089.000000, -378.459839, 222.876205, 13.821001
-709.000000, 233.000000, 4079.000000, -378.611816, 223.589294, 13.798992
-709.000000, 233.000000, 4079.000000, -378.772491, 224.276413, 13.777515
-705.000000, 232.000000, 4087.000000, -378.611084, 224.860962, 13.770720
-705.000000, 232.000000, 4087.000000, -378.468262, 225.422485, 13.763459
-706.000000, 239.000000, 4086.000000, -378.422394, 226.496628, 13.752509
-706.000000, 239.000000, 4086.000000, -378.390106, 227.526566, 13.741456
-706.000000, 239.000000, 4086.000000, -378.370453, 228.512573, 13.730341
-703.000000, 245.000000, 4093.000000, -378.112335, 229.914093, 13.730047
-703.000000, 245.000000, 4093.000000, -377.874207, 231.254227, 13.728973
-702.000000, 250.000000, 4089.000000, -377.591003, 232.916153, 13.729205
-702.000000, 250.000000, 4089.000000, -377.329193, 234.502853, 13.728579
-702.000000, 250.000000, 4089.000000, -377.087982, 236.015228, 13.727161
-700.000000, 256.000000, 4099.000000, -376.683502, 237.913483, 13.733587
-700.000000, 256.000000, 4099.000000, -376.304016, 239.721451, 13.738767
-703.000000, 249.000000, 4088.000000, -376.211029, 240.904953, 13.730931
-703.000000, 249.000000, 4088.000000, -376.132355, 242.022476, 13.722839
-703.000000, 249.000000, 4088.000000, -376.067139, 243.075714, 13.714536
-705.000000, 259.000000, 4082.000000, -376.185364, 244.831512, 13.698498
-705.000000, 259.000000, 4082.000000, -376.309357, 246.496017, 13.682870
-699.000000, 264.000000, 4081.000000, -375.983307, 248.453735, 13.685591
-699.000000, 264.000000, 4081.000000, -375.679626, 250.308914, 13.687315
-707.000000, 256.000000, 4087.000000, -375.990021, 251.451614, 13.665390
-707.000000, 256.000000, 4087.000000, -376.296936, 252.520706, 13.644478
-707.000000, 256.000000, 4087.000000, -376.599670, 253.518570, 13.624563
-702.000000, 258.000000, 4093.000000, -376.497772, 254.600662, 13.622282
-702.000000, 258.000000, 4093.000000, -376.405762, 255.610291, 13.619699
-704.000000, 265.000000, 4093.000000, -376.475830, 257.085541, 13.610789
-704.000000, 265.000000, 4093.000000, -376.548737, 258.471924, 13.602120
-711.000000, 263.000000, 4078.000000, -377.203827, 259.619049, 13.568732
-711.000000, 263.000000, 4078.000000, -377.839630, 260.688690, 13.537437
-711.000000, 263.000000, 4078.000000, -378.455719, 261.683502, 13.508171
-710.000000, 271.000000, 4091.000000, -378.936005, 263.218323, 13.487161
-710.000000, 271.000000, 4091.000000, -379.398987, 264.659363, 13.467674
-708.000000, 280.000000, 4097.000000, -379.673737, 266.698029, 13.457218
-708.000000, 280.000000, 4097.000000, -379.937134, 268.621124, 13.447629
-708.000000, 280.000000, 4097.000000, -380.189240, 270.431671, 13.438869
-702.000000, 278.000000, 4086.000000, -380.005493, 271.979736, 13.446311
-702.000000, 278.000000, 4086.000000, -379.828918, 273.427643, 13.453172
-710.000000, 279.000000, 4080.000000, -380.288330, 274.855164, 13.433738
-710.000000, 279.000000, 4080.000000, -380.730591, 276.186066, 13.415759
-710.000000, 279.000000, 4080.000000, -381.155640, 277.423676, 13.399179
-703.000000, 279.000000, 4081.000000, -381.026154, 278.571381, 13.405395
-703.000000, 279.000000, 4081.000000, -380.900818, 279.632599, 13.411197
-702.000000, 285.000000, 4083.000000, -380.697327, 281.069763, 13.420132
-702.000000, 285.000000, 4083.000000, -380.501160, 282.408905, 13.428421
-704.000000, 283.000000, 4090.000000, -380.443787, 283.500427, 13.431789
-704.000000, 283.000000, 4090.000000, -380.387695, 284.506927, 13.434973
-708.000000, 289.000000, 4088.000000, -380.644348, 285.890900, 13.425358
-708.000000, 289.000000, 4088.000000, -380.890259, 287.178436, 13.416553
-708.000000, 289.000000, 4088.000000, -381.125488, 288.372986, 13.408521
-716.000000, 287.000000, 4080.000000, -381.985046, 289.325012, 13.374988
-716.000000, 287.000000, 4080.000000, -382.809845, 290.197144, 13.344168
-706.000000, 291.000000, 4094.000000, -382.794342, 291.298889, 13.349751
-706.000000, 291.000000, 4094.000000, -382.774902, 292.315430, 13.355270
-706.000000, 291.000000, 4094.000000, -382.751862, 293.250183, 13.360712
-692.000000, 296.000000, 4097.000000, -381.647827, 294.489136, 13.409223
-692.000000, 296.000000, 4097.000000, -380.583435, 295.637878, 13.454230
-701.000000, 292.000000, 4088.000000, -380.273102, 296.393768, 13.466347
-701.000000, 292.000000, 4088.000000, -379.975281, 297.078491, 13.477484
-699.000000, 286.000000, 4081.000000, -379.558472, 297.236298, 13.491982
-699.000000, 286.000000, 4081.000000, -379.160156, 297.347870, 13.505170
-703.000000, 301.000000, 4084.000000, -379.076324, 298.564148, 13.505747
-703.000000, 301.000000, 4084.000000, -378.998383, 299.694763, 13.506067
-704.000000, 294.000000, 4093.000000, -378.975128, 300.207245, 13.505383
-704.000000, 294.000000, 4093.000000, -378.954315, 300.661652, 13.504630
-704.000000, 294.000000, 4093.000000, -378.935760, 301.061035, 13.503817
-701.000000, 298.000000, 4082.000000, -378.723694, 301.714447, 13.509274
-701.000000, 298.000000, 4082.000000, -378.522797, 302.306610, 13.514070
-701.000000, 301.000000, 4091.000000, -378.305573, 303.069885, 13.520502
-701.000000, 301.000000, 4091.000000, -378.098999, 303.768494, 13.526256
-704.000000, 301.000000, 4097.000000, -378.113739, 304.405212, 13.523786
-704.000000, 301.000000, 4097.000000, -378.129608, 304.982880, 13.521368
-712.000000, 299.000000, 4090.000000, -378.778351, 305.351227, 13.493018
-712.000000, 299.000000, 4090.000000, -379.403656, 305.672089, 13.466726
-712.000000, 299.000000, 4090.000000, -380.005432, 305.948090, 13.442414
-711.000000, 295.000000, 4084.000000, -380.525513, 305.875824, 13.421526
-711.000000, 295.000000, 4084.000000, -381.025116, 305.776031, 13.402282
-706.000000, 312.000000, 4087.000000, -381.113556, 306.951874, 13.400512
-706.000000, 312.000000, 4087.000000, -381.196869, 308.053101, 13.399015
-705.000000, 314.000000, 4083.000000, -381.210999, 309.235107, 13.399800
-705.000000, 314.000000, 4083.000000, -381.223328, 310.341125, 13.400625
-705.000000, 314.000000, 4083.000000, -381.233948, 311.373627, 13.401484
-706.000000, 315.000000, 4085.000000, -381.313232, 312.411621, 13.399847
-706.000000, 315.000000, 4085.000000, -381.388000, 313.378052, 13.398455
-705.000000, 307.000000, 4084.000000, -381.385010, 313.663361, 13.400071
-705.000000, 307.000000, 4084.000000, -381.380768, 313.906616, 13.401673
-705.000000, 307.000000, 4084.000000, -381.375397, 314.110260, 13.403257
-701.000000, 309.000000, 4084.000000, -381.063629, 314.429718, 13.416935
-701.000000, 309.000000, 4084.000000, -380.763092, 314.708252, 13.429624
-709.000000, 312.000000, 4093.000000, -381.057190, 315.177673, 13.419391
-709.000000, 312.000000, 4093.000000, -381.338257, 315.601501, 13.410082
-702.000000, 307.000000, 4080.000000, -381.111481, 315.599396, 13.419592
-702.000000, 307.000000, 4080.000000, -380.893280, 315.571320, 13.428384
-702.000000, 307.000000, 4080.000000, -380.683655, 315.519348, 13.436485
-700.000000, 315.000000, 4090.000000, -380.299591, 316.057587, 13.452495
-700.000000, 315.000000, 4090.000000, -379.930115, 316.551422, 13.467289
-708.000000, 318.000000, 4084.000000, -380.204041, 317.232300, 13.455178
-708.000000, 318.000000, 4084.000000, -380.468231, 317.863403, 13.443936
-708.000000, 318.000000, 4084.000000, -380.722595, 318.446625, 13.433532
-700.000000, 321.000000, 4084.000000, -380.356445, 319.213409, 13.448162
-700.000000, 321.000000, 4084.000000, -380.004791, 319.926971, 13.461636
-704.000000, 320.000000, 4086.000000, -379.966827, 320.512665, 13.462387
-704.000000, 320.000000, 4086.000000, -379.931091, 321.052002, 13.463020
-699.000000, 319.000000, 4078.000000, -379.540070, 321.470367, 13.476679
-699.000000, 319.000000, 4078.000000, -379.166321, 321.849213, 13.489108
-699.000000, 319.000000, 4078.000000, -378.809662, 322.190399, 13.500364
-710.000000, 320.000000, 4087.000000, -379.282257, 322.572296, 13.479446
-710.000000, 320.000000, 4087.000000, -379.738007, 322.917175, 13.460029
-702.000000, 320.000000, 4081.000000, -379.584381, 323.226776, 13.464779
-702.000000, 320.000000, 4081.000000, -379.438110, 323.502899, 13.469049
-704.000000, 323.000000, 4081.000000, -379.451721, 323.976776, 13.466804
-704.000000, 323.000000, 4081.000000, -379.466370, 324.411438, 13.464607
-704.000000, 323.000000, 4081.000000, -379.481934, 324.808563, 13.462462
-701.000000, 324.000000, 4089.000000, -379.245056, 325.246307, 13.471467
-701.000000, 324.000000, 4089.000000, -379.017975, 325.646790, 13.479725
-708.000000, 323.000000, 4097.000000, -379.310699, 325.935089, 13.468075
-708.000000, 323.000000, 4097.000000, -379.591797, 326.192413, 13.457350
-708.000000, 323.000000, 4097.000000, -379.861328, 326.420349, 13.447512
-709.000000, 325.000000, 4098.000000, -380.192657, 326.773468, 13.435744
-709.000000, 325.000000, 4098.000000, -380.509521, 327.094177, 13.425019
-710.000000, 320.000000, 4088.000000, -380.918701, 327.001404, 13.409749
-710.000000, 320.000000, 4088.000000, -381.310669, 326.894470, 13.395768
-703.000000, 319.000000, 4092.000000, -381.139160, 326.698242, 13.405227
-703.000000, 319.000000, 4092.000000, -380.972076, 326.493652, 13.414134
-703.000000, 319.000000, 4092.000000, -380.809540, 326.281952, 13.422506
-707.000000, 327.000000, 4080.000000, -380.993347, 326.676422, 13.415230
-707.000000, 327.000000, 4080.000000, -381.169830, 327.041718, 13.408534
-711.000000, 322.000000, 4082.000000, -381.638275, 326.996338, 13.390781
-711.000000, 322.000000, 4082.000000, -382.087311, 326.939240, 13.374506
-710.000000, 327.000000, 4076.000000, -382.458893, 327.254089, 13.361166
-710.000000, 327.000000, 4076.000000, -382.814392, 327.544067, 13.348995
-710.000000, 327.000000, 4076.000000, -383.153961, 327.810211, 13.337941
-707.000000, 325.000000, 4083.000000, -383.227570, 327.900482, 13.338797
-707.000000, 325.000000, 4083.000000, -383.294769, 327.975067, 13.339871
-704.000000, 329.000000, 4097.000000, -383.084473, 328.340942, 13.353749
-704.000000, 329.000000, 4097.000000, -382.877441, 328.680847, 13.366944
-704.000000, 329.000000, 4097.000000, -382.674072, 328.995697, 13.379470
-703.000000, 326.000000, 4090.000000, -382.419586, 329.056946, 13.392609
-703.000000, 326.000000, 4090.000000, -382.172424, 329.104187, 13.404934
-705.000000, 334.000000, 4091.000000, -382.082397, 329.750488, 13.410664
-705.000000, 334.000000, 4091.000000, -381.993958, 330.360291, 13.416101
-715.000000, 335.000000, 4094.000000, -382.661499, 331.010986, 13.391719
-715.000000, 335.000000, 4094.000000, -383.300537, 331.624023, 13.369438
-715.000000, 335.000000, 4094.000000, -383.911316, 332.200409, 13.349166
-710.000000, 330.000000, 4085.000000, -384.139740, 332.358612, 13.343694
-710.000000, 330.000000, 4085.000000, -384.355774, 332.497559, 13.338932
-709.000000, 329.000000, 4083.000000, -384.489410, 332.541748, 13.337366
-709.000000, 329.000000, 4083.000000, -384.614288, 332.571808, 13.336210
-709.000000, 329.000000, 4083.000000, -384.730713, 332.588715, 13.335437
-701.000000, 333.000000, 4093.000000, -384.197998, 332.899475, 13.361760
-701.000000, 333.000000, 4093.000000, -383.681732, 333.186768, 13.386384
-701.000000, 322.000000, 4087.000000, -383.200378, 332.609863, 13.407856
-701.000000, 322.000000, 4087.000000, -382.735992, 332.044861, 13.427800
-701.000000, 322.000000, 4087.000000, -382.288696, 331.492554, 13.446272
-695.000000, 330.000000, 4087.000000, -381.400543, 331.565765, 13.481502
-695.000000, 330.000000, 4087.000000, -380.547760, 331.628632, 13.513926
-701.000000, 329.000000, 4087.000000, -380.188202, 331.605225, 13.525487
-701.000000, 329.000000, 4087.000000, -379.845459, 331.575684, 13.535922
-700.000000, 336.000000, 4080.000000, -379.464142, 332.076172, 13.546556
-700.000000, 336.000000, 4080.000000, -379.102112, 332.550293, 13.555999
-700.000000, 336.000000, 4080.000000, -378.759033, 332.998627, 13.564315
-709.000000, 326.000000, 4091.000000, -379.088165, 332.656616, 13.547068
-709.000000, 326.000000, 4091.000000, -379.408051, 332.320557, 13.530874
-713.000000, 323.000000, 4093.000000, -380.017670, 331.761475, 13.504089
-713.000000, 323.000000, 4093.000000, -380.605438, 331.218536, 13.479239
-708.000000, 329.000000, 4084.000000, -380.816803, 331.151245, 13.469133
-708.000000, 329.000000, 4084.000000, -381.021332, 331.082581, 13.459702
-708.000000, 329.000000, 4084.000000, -381.218964, 331.012817, 13.450920
-707.000000, 334.000000, 4087.000000, -381.324158, 331.324860, 13.446548
-707.000000, 334.000000, 4087.000000, -381.425385, 331.621155, 13.442510
-701.000000, 335.000000, 4088.000000, -381.061554, 331.978516, 13.457215
-701.000000, 335.000000, 4088.000000, -380.711945, 332.317719, 13.470771
-704.000000, 338.000000, 4084.000000, -380.617676, 332.868652, 13.473131
-704.000000, 338.000000, 4084.000000, -380.528412, 333.393036, 13.475199
-704.000000, 338.000000, 4084.000000, -380.444061, 333.891296, 13.476989
-705.000000, 325.000000, 4078.000000, -380.459015, 333.369232, 13.473982
-705.000000, 325.000000, 4078.000000, -380.475616, 332.861694, 13.471030
-704.000000, 324.000000, 4079.000000, -380.414276, 332.292572, 13.471418
-704.000000, 324.000000, 4079.000000, -380.357269, 331.741791, 13.471620
-704.000000, 324.000000, 4079.000000, -380.304413, 331.209625, 13.471647
-698.000000, 332.000000, 4093.000000, -379.755188, 331.308411, 13.493204
-698.000000, 332.000000, 4093.000000, -379.228058, 331.401703, 13.513026
-705.000000, 331.000000, 4075.000000, -379.311737, 331.413177, 13.505465
-705.000000, 331.000000, 4075.000000, -379.395996, 331.422516, 13.498181
-705.000000, 331.000000, 4075.000000, -379.480530, 331.429871, 13.491178
-704.000000, 337.000000, 4087.000000, -379.452362, 331.894409, 13.490495
-704.000000, 337.000000, 4087.000000, -379.426971, 332.338959, 13.489729
-708.000000, 312.000000, 4089.000000, -379.703522, 330.850769, 13.477276
-708.000000, 312.000000, 4089.000000, -379.970428, 329.419159, 13.465701
-696.000000, 338.000000, 4088.000000, -379.314667, 330.033539, 13.491068
-696.000000, 338.000000, 4088.000000, -378.685608, 330.625153, 13.514365
-696.000000, 338.000000, 4088.000000, -378.083099, 331.193878, 13.535681
-703.000000, 328.000000, 4080.000000, -378.065521, 330.974640, 13.531891
-703.000000, 328.000000, 4080.000000, -378.052765, 330.763123, 13.528060
-699.000000, 331.000000, 4088.000000, -377.714966, 330.788940, 13.538327
-699.000000, 331.000000, 4088.000000, -377.393494, 330.813446, 13.547538
-696.000000, 330.000000, 4086.000000, -376.865112, 330.760101, 13.564328
-696.000000, 330.000000, 4086.000000, -376.361633, 330.708527, 13.579464
-696.000000, 330.000000, 4086.000000, -375.882629, 330.658752, 13.593024
-700.000000, 330.000000, 4088.000000, -375.726990, 330.610779, 13.593476
-700.000000, 330.000000, 4088.000000, -375.582825, 330.564636, 13.593456
-178.000000, 718.000000, 4139.000000, -335.450073, 360.208008, 15.186849
-178.000000, 718.000000, 4139.000000, -296.913757, 388.670502, 16.653460
-178.000000, 718.000000, 4139.000000, -259.968750, 415.955994, 17.998541
-655.000000, 363.000000, 4090.000000, -261.164124, 414.908905, 17.770262
-655.000000, 363.000000, 4090.000000, -262.478424, 413.784180, 17.546350
-909.000000, 184.000000, 4067.000000, -283.356445, 398.895081, 16.552059
-909.000000, 184.000000, 4067.000000, -303.556213, 384.492157, 15.624266
-886.000000, 357.000000, 4055.000000, -321.348969, 383.819031, 14.827345
-886.000000, 357.000000, 4055.000000, -338.517273, 383.115906, 14.086929
-886.000000, 357.000000, 4055.000000, -355.056732, 382.387207, 13.400942
-947.000000, -128.000000, 4064.000000, -375.594238, 344.527496, 12.584802
-947.000000, -128.000000, 4064.000000, -395.315430, 308.128662, 11.833543
-748.000000, 282.000000, 4071.000000, -399.011688, 304.560547, 11.748972
-748.000000, 282.000000, 4071.000000, -402.503693, 301.196899, 11.675874
-748.000000, 282.000000, 4071.000000, -405.796448, 298.032288, 11.613592
-595.000000, 605.000000, 4081.000000, -397.186157, 319.775330, 12.027408
-595.000000, 605.000000, 4081.000000, -388.852112, 340.721497, 12.413787
-470.000000, 860.000000, 4074.000000, -371.278259, 380.379303, 13.150500
-470.000000, 860.000000, 4074.000000, -354.367584, 418.460236, 13.831570
-144.000000, 2208.000000, 4116.000000, -313.109375, 558.111023, 15.457128
-144.000000, 2208.000000, 4116.000000, -273.503937, 692.090332, 16.952391
-144.000000, 2208.000000, 4116.000000, -235.545029, 820.424927, 18.322792
-685.000000, -1233.000000, 4292.000000, -239.984314, 679.869629, 17.979343
-685.000000, -1233.000000, 4292.000000, -244.400955, 544.255859, 17.650467
-441.000000, 685.000000, 4060.000000, -230.860992, 560.372864, 18.016808
-441.000000, 685.000000, 4060.000000, -218.017273, 575.635437, 18.340937
-441.000000, 685.000000, 4060.000000, -205.855530, 590.062500, 18.625101
-1073.000000, -167.000000, 4815.000000, -240.315384, 538.483704, 17.146912
-1073.000000, -167.000000, 4815.000000, -273.505737, 488.707520, 15.777943
-681.000000, 857.000000, 5755.000000, -272.653839, 519.098389, 15.937374
-681.000000, 857.000000, 5755.000000, -271.720184, 548.190796, 16.093702
195.000000, 669.000000, 4789.000000, -206.773148, 561.610840, 18.657312
195.000000, 669.000000, 4789.000000, -144.423462, 574.330383, 21.015802
195.000000, 669.000000, 4789.000000, -84.661720, 586.364441, 23.177710
209.000000, 766.000000, 3915.000000, -29.049894, 605.150696, 24.974413
209.000000, 766.000000, 3915.000000, 23.971102, 622.988342, 26.596785
53.000000, 571.000000, 4749.000000, 65.056824, 624.975342, 27.790215
53.000000, 571.000000, 4749.000000, 104.105118, 626.646301, 28.855288
53.000000, 571.000000, 4749.000000, 141.153336, 628.020325, 29.798597
501.000000, 570.000000, 2944.000000, 204.971649, 629.039429, 31.530172
501.000000, 570.000000, 2944.000000, 265.512756, 629.801147, 33.062775
62.000000, 219.000000, 4414.000000, 293.786377, 603.466187, 33.446533
62.000000, 219.000000, 4414.000000, 320.255127, 577.977905, 33.743397
-152.000000, 618.000000, 2458.000000, 322.717438, 583.878296, 32.819691
-152.000000, 618.000000, 2458.000000, 324.141388, 589.430908, 31.891556
-152.000000, 618.000000, 2458.000000, 324.602173, 594.645447, 30.962152
-400.000000, 243.000000, 3140.000000, 307.307526, 570.839050, 29.454544
-400.000000, 243.000000, 3140.000000, 289.945038, 547.857849, 28.004263
-941.000000, 564.000000, 2832.000000, 230.344360, 550.269836, 24.895382
-941.000000, 564.000000, 2832.000000, 172.430939, 552.539001, 21.977219
-941.000000, 564.000000, 2832.000000, 116.251564, 554.669373, 19.244036
-1329.000000, 329.000000, 3481.000000, 34.193188, 538.684143, 15.677794
-1329.000000, 329.000000, 3481.000000, -44.884758, 523.284790, 12.371790
-384.000000, -194.000000, 4312.000000, -46.319790, 468.456116, 12.387081
-384.000000, -194.000000, 4312.000000, -47.631207, 415.809540, 12.406669
-2221.000000, 417.000000, 3454.000000, -191.644531, 412.088531, 6.650742
-2221.000000, 417.000000, 3454.000000, -329.964203, 408.667145, 1.349884
-2221.000000, 417.000000, 3454.000000, -462.605896, 405.532898, -3.514643
-2329.000000, 139.000000, 4600.000000, -594.374084, 381.402222, -8.000754
-2329.000000, 139.000000, 4600.000000, -720.214294, 358.381287, -12.073050
1685.000000, -1113.000000, 3752.000000, -536.371033, 240.658691, -3.806166
1685.000000, -1113.000000, 3752.000000, -358.949982, 127.829971, 3.876776
-1740.000000, 193.000000, 3276.000000, -450.876373, 119.791763, 0.503907
-1740.000000, 193.000000, 3276.000000, -538.891052, 112.591072, -2.579472
-1740.000000, 193.000000, 3276.000000, -623.026123, 106.185692, -5.386157
-1533.000000, -218.000000, 3793.000000, -685.956421, 69.086693, -7.171995
-1533.000000, -218.000000, 3793.000000, -745.727234, 33.953888, -8.761371
-1546.000000, -292.000000, 3783.000000, -803.421448, -4.918489, -10.206385
-1546.000000, -292.000000, 3783.000000, -858.042114, -41.688969, -11.471914
-1546.000000, -292.000000, 3783.000000, -909.658630, -76.406631, -12.567858
-1190.000000, -473.000000, 3929.000000, -930.727844, -122.972206, -12.388943
-1190.000000, -473.000000, 3929.000000, -950.024048, -167.038528, -12.146800
-2183.000000, -510.000000, 4049.000000, -1043.058350, -211.493958, -14.824480
-1175.000000, -541.000000, 4060.000000, -1054.480713, -255.826981, -14.155787
-1175.000000, -541.000000, 4060.000000, -1064.415527, -297.634491, -13.454692
-1175.000000, -541.000000, 4060.000000, -1072.946533, -336.982666, -12.725804
-471.000000, -676.000000, 3978.000000, -1026.666260, -384.269592, -9.861779
-471.000000, -676.000000, 3978.000000, -981.281860, -428.824921, -7.147323
-734.000000, -310.000000, 4464.000000, -955.465881, -442.717865, -5.253746
-734.000000, -310.000000, 4464.000000, -929.877197, -455.144470, -3.444572
-734.000000, -310.000000, 4464.000000, -904.576172, -466.179169, -1.718835
-998.000000, -330.000000, 4710.000000, -899.024048, -477.425262, -0.813213
-998.000000, -330.000000, 4710.000000, -893.062012, -487.362854, 0.072622
-985.000000, -493.000000, 4583.000000, -886.131836, -508.533752, 0.944971
-985.000000, -493.000000, 4583.000000, -878.927612, -528.037537, 1.793469
-985.000000, -493.000000, 4583.000000, -871.492126, -545.942505, 2.617364
-1035.000000, -375.000000, 4793.000000, -867.046204, -553.287903, 3.317338
-1035.000000, -375.000000, 4793.000000, -862.295227, -559.529480, 4.001550
-1338.000000, -505.000000, 4315.000000, -881.853271, -574.679626, 3.631345
-1338.000000, -505.000000, 4315.000000, -900.259216, -588.458801, 3.321592
-1539.000000, -255.000000, 4686.000000, -931.764343, -581.801331, 2.552990
-1539.000000, -255.000000, 4686.000000, -961.572266, -574.660156, 1.882333
-1539.000000, -255.000000, 4686.000000, -989.722351, -567.093994, 1.304158
-1864.000000, -452.000000, 4865.000000, -1040.521606, -574.231689, -0.126266
-1864.000000, -452.000000, 4865.000000, -1088.760132, -580.451843, -1.398138
-1192.000000, -277.000000, 4883.000000, -1083.138184, -572.415649, -0.479848
-1192.000000, -277.000000, 4883.000000, -1077.099854, -564.096619, 0.418401
-1828.000000, -121.000000, 4635.000000, -1119.993530, -543.605347, -0.693197
-1828.000000, -121.000000, 4635.000000, -1160.636475, -523.397705, -1.671232
-1828.000000, -121.000000, 4635.000000, -1199.077515, -503.513428, -2.522959
-1712.000000, -3.000000, 4432.000000, -1227.128784, -474.959442, -2.955104
-1712.000000, -3.000000, 4432.000000, -1253.436646, -447.155975, -3.300869
-1783.000000, 302.000000, 3851.000000, -1285.234131, -396.793152, -3.926787
-1783.000000, 302.000000, 3851.000000, -1315.180664, -348.160278, -4.454343
-1689.000000, 448.000000, 3337.000000, -1337.708618, -290.101624, -4.733852
-1689.000000, 448.000000, 3337.000000, -1358.774292, -234.242310, -4.944212
-1689.000000, 448.000000, 3337.000000, -1378.425659, -180.583786, -5.090077
-1181.000000, 276.000000, 3036.000000, -1358.846436, -142.281265, -3.712905
-1181.000000, 276.000000, 3036.000000, -1339.493896, -105.638344, -2.399552
-865.000000, 168.000000, 2556.000000, -1297.742432, -78.902977, -0.312572
-865.000000, 168.000000, 2556.000000, -1257.256592, -53.462936, 1.641106
-865.000000, 168.000000, 2556.000000, -1218.062500, -29.296434, 3.465751
-611.000000, 158.000000, 2566.000000, -1160.761841, -7.144610, 5.937531
-611.000000, 158.000000, 2566.000000, -1105.559326, 13.814131, 8.227650
214.000000, -457.000000, 2840.000000, -988.658569, -13.449159, 12.910646
214.000000, -457.000000, 2840.000000, -876.369690, -39.974308, 17.224213
214.000000, -457.000000, 2840.000000, -768.680847, -65.737190, 21.183529
61.000000, -215.000000, 3377.000000, -675.619202, -72.201279, 24.475151
61.000000, -215.000000, 3377.000000, -586.630676, -78.604721, 27.474112
47.000000, -212.000000, 3419.000000, -502.615295, -84.703148, 30.161850
47.000000, -212.000000, 3419.000000, -422.538513, -90.721802, 32.586308
93.000000, -419.000000, 3744.000000, -341.846466, -112.487038, 34.981224
93.000000, -419.000000, 3744.000000, -265.108917, -133.518372, 37.123886
93.000000, -419.000000, 3744.000000, -192.256256, -153.808044, 39.027096
-22.000000, -415.000000, 3013.000000, -134.204590, -173.045090, 40.171497
-22.000000, -415.000000, 3013.000000, -79.530540, -191.545486, 41.136318
188.000000, -718.000000, 3626.000000, -10.255276, -232.493347, 42.722385
188.000000, -718.000000, 3626.000000, 55.192287, -271.783478, 44.093430
188.000000, -718.000000, 3626.000000, 116.906364, -309.423370, 45.261749
63.000000, -814.000000, 4463.000000, 167.978958, -352.770264, 46.070930
63.000000, -814.000000, 4463.000000, 215.898071, -394.202118, 46.722771
-315.000000, -353.000000, 4006.000000, 230.521988, -398.466278, 45.967663
-315.000000, -353.000000, 4006.000000, 243.334457, -402.265991, 45.170738
-315.000000, -353.000000, 4006.000000, 254.435226, -405.625244, 44.337624
-280.000000, -486.000000, 3900.000000, 266.272247, -418.744019, 43.553005
-280.000000, -486.000000, 3900.000000, 276.483368, -431.063385, 42.735107
-202.000000, -700.000000, 4047.000000, 291.561157, -458.981232, 42.162132
-202.000000, -700.000000, 4047.000000, 304.960541, -485.495392, 41.545368
-208.000000, -698.000000, 4088.000000, 316.435516, -510.479645, 40.882168
-208.000000, -698.000000, 4088.000000, 326.424011, -534.122131, 40.186386
-208.000000, -698.000000, 4088.000000, 335.009491, -556.453613, 39.462635
-103.000000, -537.000000, 3942.000000, 349.845947, -565.187683, 38.996609
-103.000000, -537.000000, 3942.000000, 363.120850, -573.167786, 38.487175
19.000000, -480.000000, 3704.000000, 383.505066, -576.066040, 38.248943
19.000000, -480.000000, 3704.000000, 402.113983, -578.450623, 37.949753
19.000000, -480.000000, 3704.000000, 419.027008, -580.353577, 37.595181
243.000000, -939.000000, 4349.000000, 453.374512, -616.926208, 38.030998
243.000000, -939.000000, 4349.000000, 485.501434, -651.679199, 38.361351
596.000000, -1114.000000, 4211.000000, 542.007324, -698.036316, 39.627827
596.000000, -1114.000000, 4211.000000, 595.365967, -742.110474, 40.719002
747.000000, -1021.000000, 4256.000000, 657.318604, -776.826599, 42.113640
747.000000, -1021.000000, 4256.000000, 715.826233, -809.628479, 43.316059
747.000000, -1021.000000, 4256.000000, 770.974854, -840.562866, 44.337326
1052.000000, -1128.000000, 3868.000000, 844.960144, -877.865662, 46.014545
1052.000000, -1128.000000, 3868.000000, 914.842102, -913.074402, 47.462177
1226.000000, -1072.000000, 3892.000000, 994.077026, -941.957458, 49.226444
1226.000000, -1072.000000, 3892.000000, 1068.888062, -969.025757, 50.744934
1226.000000, -1072.000000, 3892.000000, 1139.386719, -994.335815, 52.031857
1425.000000, -701.000000, 3545.000000, 1219.827759, -989.558350, 53.616611
1425.000000, -701.000000, 3545.000000, 1295.587646, -984.269531, 54.952530
1463.000000, -87.000000, 3510.000000, 1369.589111, -931.544556, 56.160908
1463.000000, -87.000000, 3510.000000, 1439.054443, -880.287354, 57.141186
1078.000000, 401.000000, 3836.000000, 1475.719604, -793.202148, 56.823635
1078.000000, 401.000000, 3836.000000, 1509.293579, -709.151184, 56.396072
1078.000000, 401.000000, 3836.000000, 1539.911255, -628.157715, 55.868225
1026.000000, 330.000000, 3193.000000, 1561.789062, -555.666504, 54.930382
1026.000000, 330.000000, 3193.000000, 1581.133545, -486.030487, 53.929348
1158.000000, 243.000000, 3316.000000, 1608.528076, -425.899597, 53.303703
1158.000000, 243.000000, 3316.000000, 1633.255615, -368.336914, 52.597137
-328.000000, 576.000000, 1821.000000, 1537.488159, -287.841431, 46.941700
-328.000000, 576.000000, 1821.000000, 1443.824097, -210.879929, 41.594875
-328.000000, 576.000000, 1821.000000, 1352.387085, -137.415863, 36.549278
476.000000, 225.000000, 3440.000000, 1329.558838, -94.261543, 34.638962
476.000000, 225.000000, 3440.000000, 1306.714355, -53.438961, 32.804054
-2464.000000, 448.000000, 3195.000000, 1058.767090, 2.169019, 22.078114
-2464.000000, 448.000000, 3195.000000, 819.871338, 54.876999, 12.138340
-2464.000000, 448.000000, 3195.000000, 590.059998, 104.746704, 2.954739
-369.000000, -300.000000, 4488.000000, 533.166870, 94.610748, 1.167424
-369.000000, -300.000000, 4488.000000, 478.971039, 84.051163, -0.441709
-1773.000000, -608.000000, 3929.000000, 318.567841, 49.565922, -6.274265
-1773.000000, -608.000000, 3929.000000, 165.038803, 15.721040, -11.601860
-1082.000000, -878.000000, 5080.000000, 74.555466, -38.088600, -14.064979
-1082.000000, -878.000000, 5080.000000, -11.288769, -90.333412, -16.245960
-1082.000000, -878.000000, 5080.000000, -92.588272, -140.974365, -18.159782
-374.000000, -745.000000, 4520.000000, -117.097275, -179.803818, -17.817335
-374.000000, -745.000000, 4520.000000, -139.420197, -217.379822, -17.401777
-2399.000000, -1022.000000, 5555.000000, -311.093445, -274.878662, -22.793369
-2399.000000, -1022.000000, 5555.000000, -474.626312, -330.248413, -27.647312
-2399.000000, -1022.000000, 5555.000000, -630.145142, -383.483734, -31.990023
-521.000000, -811.000000, 5193.000000, -635.536560, -418.441528, -30.250259
-521.000000, -811.000000, 5193.000000, -638.914734, -451.917511, -28.499874
188.000000, -767.000000, 4334.000000, -588.906128, -480.556641, -24.813313
188.000000, -767.000000, 4334.000000, -539.320801, -507.874939, -21.290310
-669.000000, -678.000000, 4852.000000, -554.124268, -527.080627, -20.394640
-669.000000, -678.000000, 4852.000000, -566.973267, -545.275452, -19.457071
-669.000000, -678.000000, 4852.000000, -577.978271, -562.481445, -18.483662
-560.000000, -473.000000, 5057.000000, -578.306030, -563.036438, -17.098484
-560.000000, -473.000000, 5057.000000, -577.333557, -563.275330, -15.716857
-204.000000, -376.000000, 4587.000000, -549.412781, -555.799683, -13.382493
-204.000000, -376.000000, 4587.000000, -521.474121, -548.349609, -11.140352
-204.000000, -376.000000, 4587.000000, -493.603882, -540.945862, -8.990187
-818.000000, -293.000000, 4886.000000, -511.843506, -527.256592, -8.716084
-818.000000, -293.000000, 4886.000000, -528.438538, -513.902954, -8.387635
-528.000000, -283.000000, 4543.000000, -522.367126, -500.134583, -7.217792
-528.000000, -283.000000, 4543.000000, -515.682129, -486.759827, -6.070174
-1193.000000, -86.000000, 4756.000000, -558.566345, -458.715851, -6.907232
-1193.000000, -86.000000, 4756.000000, -598.947754, -431.684998, -7.611657
-1193.000000, -86.000000, 4756.000000, -636.895264, -405.671906, -8.191463
-1197.000000, 97.000000, 4577.000000, -673.327515, -366.675537, -8.711505
-1197.000000, 97.000000, 4577.000000, -707.457581, -329.253937, -9.119494
-676.000000, 22.000000, 4078.000000, -701.100647, -299.138885, -7.970087
-676.000000, 22.000000, 4078.000000, -694.170715, -270.352173, -6.843704
-439.000000, -21.000000, 4065.000000, -668.681519, -246.169769, -5.027441
-439.000000, -21.000000, 4065.000000, -643.465881, -223.153412, -3.294337
-439.000000, -21.000000, 4065.000000, -618.579407, -201.283829, -1.643291
-391.000000, -35.000000, 3970.000000, -590.696411, -181.610931, 0.048486
-391.000000, -35.000000, 3970.000000, -563.384216, -162.997772, 1.650262
-590.000000, 103.000000, 4010.000000, -551.750977, -134.860794, 2.571373
-590.000000, 103.000000, 4010.000000, -540.157776, -108.153870, 3.454228
-590.000000, 103.000000, 4010.000000, -528.636658, -82.848747, 4.299074
-562.000000, 178.000000, 4011.000000, -515.076843, -53.176456, 5.191311
-562.000000, 178.000000, 4011.000000, -501.730652, -25.072012, 6.039551
-867.000000, 349.000000, 3952.000000, -512.082153, 14.583157, 5.905980
-867.000000, 349.000000, 3952.000000, -521.766479, 52.220379, 5.804200
-867.000000, 349.000000, 3952.000000, -530.805298, 87.879677, 5.732085
-568.000000, 143.000000, 3544.000000, -517.633179, 105.842003, 6.490727
-568.000000, 143.000000, 3544.000000, -504.768036, 122.542870, 7.206985
138.000000, -310.000000, 3607.000000, -438.144470, 103.366875, 10.036093
138.000000, -310.000000, 3607.000000, -374.001801, 84.401955, 12.654131
230.000000, -521.000000, 3685.000000, -305.086243, 49.544979, 15.367546
230.000000, -521.000000, 3685.000000, -238.933044, 15.621247, 17.863329
230.000000, -521.000000, 3685.000000, -175.531723, -17.337555, 20.150560
215.000000, -627.000000, 3758.000000, -115.788086, -57.415657, 22.211161
215.000000, -627.000000, 3758.000000, -58.707710, -96.158096, 24.084051
141.000000, -522.000000, 3917.000000, -9.427081, -125.515297, 25.593714
141.000000, -522.000000, 3917.000000, 37.481728, -153.831116, 26.949163
141.000000, -522.000000, 3917.000000, 82.057785, -181.099182, 28.158089
115.000000, -574.000000, 3943.000000, 122.438385, -211.295578, 29.155817
115.000000, -574.000000, 3943.000000, 160.655228, -240.283722, 30.027967
64.000000, -636.000000, 3947.000000, 192.877045, -272.811859, 30.628040
64.000000, -636.000000, 3947.000000, 223.191757, -303.954803, 31.128551
64.000000, -636.000000, 3947.000000, 251.653290, -333.723907, 31.535604
-103.000000, -478.000000, 3951.000000, 265.581787, -350.044495, 31.350309
-103.000000, -478.000000, 3951.000000, 278.276489, -365.505188, 31.123436
-246.000000, -486.000000, 3926.000000, 278.802185, -380.736877, 30.419456
-246.000000, -486.000000, 3926.000000, 278.639618, -395.122986, 29.716194
-52.000000, -611.000000, 3958.000000, 292.747284, -418.248871, 29.611359
-52.000000, -611.000000, 3958.000000, 305.681580, -440.191040, 29.464136
-52.000000, -611.000000, 3958.000000, 317.493042, -460.973389, 29.278221
-222.000000, -488.000000, 3864.000000, 314.970673, -471.210175, 28.518635
