-208.000000, 4.000000, 4171.000000, -207.958405, 3.999200, 4170.166016
-208.000000, 4.000000, 4171.000000, -207.992004, 3.999846, 4170.839844
-208.000000, 4.000000, 4171.000000, -208.006714, 4.000129, 4171.134766
-208.000000, 4.000000, 4171.000000, -208.011276, 4.000217, 4171.226074
-208.000000, 4.000000, 4171.000000, -208.011688, 4.000225, 4171.234375
-230.000000, 63.000000, 4117.000000, -219.443344, 34.660088, 4143.155762
-230.000000, 63.000000, 4117.000000, -225.995956, 52.235981, 4127.046875
-230.000000, 63.000000, 4117.000000, -229.763184, 62.341869, 4117.775391
-230.000000, 63.000000, 4117.000000, -231.920715, 68.130569, 4112.458008
-230.000000, 63.000000, 4117.000000, -233.127228, 71.368500, 4109.477539
-142.000000, 140.000000, 4133.000000, -199.070648, 103.420914, 4114.214355
-142.000000, 140.000000, 4133.000000, -176.300735, 124.346741, 4117.700195
-142.000000, 140.000000, 4133.000000, -160.985992, 137.975098, 4120.327148
-115.000000, 186.000000, 4163.000000, -140.901947, 163.391190, 4133.207520
-266.000000, 153.000000, 4050.000000, -180.810913, 168.690186, 4102.210938
-266.000000, 153.000000, 4050.000000, -208.901184, 171.772064, 4080.738281
-225.000000, 199.000000, 4079.000000, -214.599518, 189.204971, 4075.896240
-225.000000, 199.000000, 4079.000000, -218.639816, 200.948105, 4072.767578
-259.000000, 346.000000, 4101.000000, -233.013657, 258.448425, 4078.286133
-259.000000, 346.000000, 4101.000000, -243.240067, 298.815765, 4082.505859
-368.000000, 309.000000, 4118.000000, -286.983826, 314.553223, 4091.474365
-368.000000, 309.000000, 4118.000000, -318.251709, 325.022797, 4098.142090
-368.000000, 309.000000, 4118.000000, -340.517609, 331.719238, 4103.138672
-368.000000, 309.000000, 4118.000000, -356.271301, 335.714081, 4106.916016
-386.000000, 412.000000, 4077.000000, -373.275513, 371.944092, 4096.199219
-386.000000, 412.000000, 4077.000000, -385.187408, 397.262512, 4088.620361
-386.000000, 412.000000, 4077.000000, -393.399872, 414.672821, 4083.315186
-386.000000, 412.000000, 4077.000000, -398.925415, 426.356720, 4079.656494
-723.000000, 341.000000, 4012.000000, -514.123169, 410.386017, 4055.658691
-723.000000, 341.000000, 4012.000000, -596.850403, 397.979736, 4038.510010
-723.000000, 341.000000, 4012.000000, -655.896179, 388.215424, 4026.348877
-723.000000, 341.000000, 4012.000000, -697.678101, 380.420349, 4017.816406
-723.000000, 341.000000, 4012.000000, -726.886108, 374.103149, 4011.920410
-951.000000, 491.000000, 3901.000000, -822.411255, 418.550201, 3971.197510
-951.000000, 491.000000, 3901.000000, -890.274231, 450.019012, 3942.092041
-951.000000, 491.000000, 3901.000000, -937.998840, 472.058167, 3921.447266
-951.000000, 491.000000, 3901.000000, -971.085327, 487.259888, 3906.955566
-951.000000, 491.000000, 3901.000000, -993.554199, 497.517242, 3896.931396
-1406.000000, 165.000000, 4190.000000, -1158.382324, 396.711578, 3985.442871
-1406.000000, 165.000000, 4190.000000, -1275.799316, 323.355438, 4049.691650
-1406.000000, 165.000000, 4190.000000, -1358.745117, 270.034088, 4096.245605
-1406.000000, 165.000000, 4190.000000, -1416.664673, 231.333084, 4129.899902
-1406.000000, 165.000000, 4190.000000, -1456.449463, 203.299286, 4154.154297
-1621.000000, -120.000000, 4421.000000, -1553.543213, 89.701805, 4247.221680
-1621.000000, -120.000000, 4421.000000, -1621.533203, 7.836891, 4314.186035
-1621.000000, -120.000000, 4421.000000, -1668.441895, -50.930523, 4362.159668
-1621.000000, -120.000000, 4421.000000, -1700.114136, -92.896362, 4396.327148
-1018.000000, -71.000000, 4512.000000, -1524.659912, -106.711113, 4450.067871
-1018.000000, -71.000000, 4512.000000, -1396.025513, -116.103455, 4488.279785
-1018.000000, -71.000000, 4512.000000, -1301.543945, -122.297913, 4515.218750
-1018.000000, -71.000000, 4512.000000, -1231.984009, -126.186378, 4533.985840
-1018.000000, -71.000000, 4512.000000, -1180.618408, -128.418198, 4546.837891
-1069.000000, -325.000000, 4336.000000, -1158.978271, -211.313324, 4498.704102
-1069.000000, -325.000000, 4336.000000, -1142.482544, -270.587006, 4463.278809
-1069.000000, -325.000000, 4336.000000, -1129.774658, -312.704590, 4437.124023
-1069.000000, -325.000000, 4336.000000, -1119.864258, -342.372711, 4417.735352
-1015.000000, -547.000000, 4492.000000, -1094.760498, -434.005707, 4453.172852
-1015.000000, -547.000000, 4492.000000, -1075.998901, -499.387085, 4478.365234
-1015.000000, -547.000000, 4492.000000, -1061.883911, -545.710083, 4496.124512
-1015.000000, -547.000000, 4492.000000, -1051.178955, -578.209900, 4508.497070
-1015.000000, -547.000000, 4492.000000, -1042.982300, -600.696167, 4516.971680
-1052.000000, -1138.000000, 4366.000000, -1048.356812, -803.164429, 4482.715332
-1052.000000, -1138.000000, 4366.000000, -1051.852539, -948.524536, 4457.493164
-1052.000000, -1138.000000, 4366.000000, -1054.003418, -1052.386108, 4438.860840
-1052.000000, -1138.000000, 4366.000000, -1055.197144, -1126.111328, 4425.039551
-195.000000, -578.000000, 4440.000000, -786.147827, -1001.823730, 4438.009277
-195.000000, -578.000000, 4440.000000, -591.181763, -910.406067, 4447.111328
-195.000000, -578.000000, 4440.000000, -450.133820, -842.964661, 4453.410645
-195.000000, -578.000000, 4440.000000, -348.320496, -793.021118, 4457.683105
-195.000000, -578.000000, 4440.000000, -275.049866, -755.855713, 4460.492676
-639.000000, -1250.000000, 4889.000000, -361.039001, -937.654785, 4602.311035
-639.000000, -1250.000000, 4889.000000, -423.896484, -1068.440308, 4704.723633
-639.000000, -1250.000000, 4889.000000, -469.898895, -1162.132324, 4778.468750
-639.000000, -1250.000000, 4889.000000, -503.617859, -1228.866333, 4831.364746
-639.000000, -1250.000000, 4889.000000, -528.383423, -1276.022217, 4869.105957
307.000000, -380.000000, 4187.000000, -253.771393, -1039.649658, 4678.522461
307.000000, -380.000000, 4187.000000, -55.047195, -867.151917, 4539.795410
307.000000, -380.000000, 4187.000000, 88.437157, -741.202332, 4438.844238
307.000000, -380.000000, 4187.000000, 191.721558, -649.178101, 4365.412109
378.000000, -391.000000, 3848.000000, 287.616486, -585.268677, 4207.673828
378.000000, -391.000000, 3848.000000, 356.235657, -538.456177, 4093.233887
378.000000, -391.000000, 3848.000000, 405.024445, -504.111237, 4010.325928
378.000000, -391.000000, 3848.000000, 439.405640, -478.860474, 3950.377686
378.000000, -391.000000, 3848.000000, 463.328705, -460.245483, 3907.144043
1140.000000, 510.000000, 3803.000000, 712.715576, -170.917725, 3862.312500
1140.000000, 510.000000, 3803.000000, 892.636108, 39.223000, 3830.109131
1140.000000, 510.000000, 3803.000000, 1021.993652, 191.677795, 3807.092529
1140.000000, 510.000000, 3803.000000, 1114.561035, 302.114258, 3790.755615
1140.000000, 510.000000, 3803.000000, 1180.372925, 381.949310, 3779.272217
840.000000, 417.000000, 3822.000000, 1135.530518, 411.227570, 3777.088379
840.000000, 417.000000, 3822.000000, 1101.572388, 432.037476, 3775.875244
840.000000, 417.000000, 3822.000000, 1075.590210, 446.692444, 3775.356689
840.000000, 417.000000, 3822.000000, 1055.462402, 456.877960, 3775.332275
702.000000, 60.000000, 3604.000000, 997.867004, 355.753540, 3709.665039
702.000000, 60.000000, 3604.000000, 954.888000, 281.875885, 3662.312256
702.000000, 60.000000, 3604.000000, 922.596252, 227.865799, 3628.293457
702.000000, 60.000000, 3604.000000, 898.126221, 188.344055, 3603.979004
702.000000, 60.000000, 3604.000000, 879.387878, 159.389236, 3586.723633
930.000000, 945.000000, 4025.000000, 933.530273, 404.704987, 3701.405029
930.000000, 945.000000, 4025.000000, 971.982605, 582.731812, 3785.127930
930.000000, 945.000000, 4025.000000, 999.027527, 711.725586, 3846.276123
930.000000, 945.000000, 4025.000000, 1017.785889, 804.994446, 3890.961914
930.000000, 945.000000, 4025.000000, 1030.531738, 872.239929, 3923.641602
658.000000, 120.000000, 4733.000000, 957.369385, 673.177490, 4159.841309
658.000000, 120.000000, 4733.000000, 903.342834, 527.909546, 4331.648438
658.000000, 120.000000, 4733.000000, 863.289612, 421.869965, 4456.515137
658.000000, 120.000000, 4733.000000, 833.444946, 344.438110, 4547.166504
1032.000000, 163.000000, 4504.000000, 922.820129, 300.719055, 4544.451660
1032.000000, 163.000000, 4504.000000, 987.140137, 268.708557, 4542.248047
1032.000000, 163.000000, 4504.000000, 1033.214233, 245.239944, 4540.424316
1032.000000, 163.000000, 4504.000000, 1066.006836, 228.003983, 4538.883789
1032.000000, 163.000000, 4504.000000, 1089.137207, 215.316635, 4537.555664
1186.000000, 763.000000, 4668.000000, 1151.081787, 384.540436, 4585.203125
1186.000000, 763.000000, 4668.000000, 1195.419800, 507.464996, 4619.655762
1186.000000, 763.000000, 4668.000000, 1226.941040, 596.637878, 4644.494141
1186.000000, 763.000000, 4668.000000, 1249.137695, 661.208923, 4662.328613
1040.000000, 415.000000, 4259.000000, 1221.224365, 604.567139, 4553.675293
1040.000000, 415.000000, 4259.000000, 1200.203491, 563.023071, 4474.408203
1040.000000, 415.000000, 4259.000000, 1184.227661, 532.496704, 4416.573730
1040.000000, 415.000000, 4259.000000, 1171.948975, 510.012238, 4374.372070
1040.000000, 415.000000, 4259.000000, 1162.383789, 493.399048, 4343.572754
1237.000000, 1966.000000, 4639.000000, 1213.086060, 939.856262, 4433.493652
1237.000000, 1966.000000, 4639.000000, 1249.381470, 1264.436890, 4498.853516
1237.000000, 1966.000000, 4639.000000, 1275.187012, 1500.150269, 4546.304688
1237.000000, 1966.000000, 4639.000000, 1293.358765, 1671.071167, 4580.699707
1237.000000, 1966.000000, 4639.000000, 1305.979248, 1794.758545, 4605.577148
1122.000000, 1329.000000, 4291.000000, 1280.655396, 1696.176880, 4520.897461
1122.000000, 1329.000000, 4291.000000, 1261.640869, 1623.660522, 4459.108398
1122.000000, 1329.000000, 4291.000000, 1247.242432, 1570.172852, 4414.017090
1122.000000, 1329.000000, 4291.000000, 1236.224731, 1530.580444, 4381.106934
847.000000, 1940.000000, 4160.000000, 1146.779053, 1680.899048, 4318.541504
847.000000, 1940.000000, 4160.000000, 1081.177490, 1789.705078, 4272.949219
847.000000, 1940.000000, 4160.000000, 1032.978271, 1868.250000, 4239.737305
847.000000, 1940.000000, 4160.000000, 997.482239, 1924.740845, 4215.555664
847.000000, 1940.000000, 4160.000000, 971.261414, 1965.163208, 4197.959961
865.000000, 2586.000000, 4039.000000, 957.096313, 2183.431885, 4149.664062
865.000000, 2586.000000, 4039.000000, 946.443909, 2341.612305, 4114.531250
865.000000, 2586.000000, 4039.000000, 938.361816, 2455.982910, 4088.998291
865.000000, 2586.000000, 4039.000000, 932.162354, 2538.418213, 4070.466309
865.000000, 2586.000000, 4039.000000, 927.343628, 2597.580078, 4057.039307
268.000000, 2761.000000, 4109.000000, 748.802551, 2691.007324, 4067.822998
268.000000, 2761.000000, 4109.000000, 618.527588, 2758.157959, 4075.748535
268.000000, 2761.000000, 4109.000000, 523.465454, 2806.162109, 4081.587402
268.000000, 2761.000000, 4109.000000, 454.093506, 2840.221191, 4085.903076
115.000000, 3005.000000, 4422.000000, 358.765747, 2935.413086, 4180.548340
115.000000, 3005.000000, 4422.000000, 289.264465, 3003.840820, 4249.521484
115.000000, 3005.000000, 4422.000000, 238.604401, 3052.766113, 4299.766113
115.000000, 3005.000000, 4422.000000, 201.689529, 3087.485352, 4336.349121
115.000000, 3005.000000, 4422.000000, 174.801987, 3111.862305, 4362.966797
-163.000000, 2655.000000, 4213.000000, 74.188354, 3026.684814, 4321.388672
-163.000000, 2655.000000, 4213.000000, 0.934418, 2963.766357, 4291.065918
-163.000000, 2655.000000, 4213.000000, -52.361191, 2917.104980, 4268.954590
-163.000000, 2655.000000, 4213.000000, -91.098305, 2882.321777, 4252.834961
54.000000, 1889.000000, 4329.000000, -56.060726, 2633.284424, 4274.846680
54.000000, 1889.000000, 4329.000000, -30.436903, 2451.166260, 4290.875000
54.000000, 1889.000000, 4329.000000, -11.682681, 2317.883301, 4302.538086
54.000000, 1889.000000, 4329.000000, 2.058203, 2220.239990, 4311.017090
54.000000, 1889.000000, 4329.000000, 12.140124, 2148.609619, 4317.173828
-388.000000, 1576.000000, 3376.000000, -108.843346, 2005.045288, 4044.803955
-388.000000, 1576.000000, 3376.000000, -196.904526, 1900.038086, 3846.386719
-388.000000, 1576.000000, 3376.000000, -260.948517, 1823.169434, 3701.921875
-388.000000, 1576.000000, 3376.000000, -307.472656, 1766.837524, 3596.816895
-388.000000, 1576.000000, 3376.000000, -341.217529, 1725.495483, 3520.424805
-286.000000, 738.000000, 3373.000000, -336.065063, 1452.102051, 3464.106934
-286.000000, 738.000000, 3373.000000, -332.146545, 1252.676758, 3423.301758
-286.000000, 738.000000, 3373.000000, -329.131500, 1107.222412, 3393.809814
-286.000000, 738.000000, 3373.000000, -326.778717, 1001.148132, 3372.567139
-386.000000, 1244.000000, 3346.000000, -353.870331, 1070.336060, 3349.519531
-386.000000, 1244.000000, 3346.000000, -373.458466, 1120.712036, 3332.977051
-386.000000, 1244.000000, 3346.000000, -387.574860, 1157.363647, 3321.176025
-386.000000, 1244.000000, 3346.000000, -397.702057, 1184.003296, 3312.829590
-386.000000, 1244.000000, 3346.000000, -404.921631, 1203.339722, 3306.998535
-483.000000, 845.000000, 3280.000000, -438.068146, 1101.987549, 3283.915283
-483.000000, 845.000000, 3280.000000, -462.060486, 1028.059692, 3267.342041
-483.000000, 845.000000, 3280.000000, -479.376709, 974.143250, 3255.513672
-483.000000, 845.000000, 3280.000000, -491.824921, 934.828918, 3247.142578
-483.000000, 845.000000, 3280.000000, -500.724396, 906.169556, 3241.289551
-1383.000000, 1368.000000, 3309.000000, -766.870117, 1036.276489, 3245.641357
-1383.000000, 1368.000000, 3309.000000, -960.629150, 1131.086548, 3249.053711
-1383.000000, 1368.000000, 3309.000000, -1101.574829, 1200.142700, 3251.776367
-1383.000000, 1368.000000, 3309.000000, -1203.989746, 1250.408325, 3253.991211
-1629.000000, 2065.000000, 3930.000000, -1349.238037, 1487.967773, 3434.917236
-1629.000000, 2065.000000, 3930.000000, -1454.736206, 1660.994507, 3566.980713
-1629.000000, 2065.000000, 3930.000000, -1531.236450, 1786.936157, 3663.386719
-1629.000000, 2065.000000, 3930.000000, -1586.584717, 1878.524414, 3733.771973
-1629.000000, 2065.000000, 3930.000000, -1626.506226, 1945.049683, 3785.167725
-1999.000000, 1526.000000, 4059.000000, -1761.741455, 1838.055420, 3859.858887
-1999.000000, 1526.000000, 4059.000000, -1859.871582, 1759.831177, 3914.359375
-1999.000000, 1526.000000, 4059.000000, -1930.934326, 1702.604736, 3954.125977
-1999.000000, 1526.000000, 4059.000000, -1982.254517, 1660.704224, 3983.140381
-1999.000000, 1526.000000, 4059.000000, -2019.177002, 1629.990479, 4004.308594
-1634.000000, 1755.000000, 4098.000000, -1940.607666, 1673.316162, 4030.969727
-1634.000000, 1755.000000, 4098.000000, -1882.860718, 1704.739380, 4050.409912
-1634.000000, 1755.000000, 4098.000000, -1840.316406, 1727.480225, 4064.581055
-1634.000000, 1755.000000, 4098.000000, -1808.873169, 1743.888794, 4074.907227
-1873.000000, 1124.000000, 3317.000000, -1854.224487, 1574.335938, 3857.975586
-1873.000000, 1124.000000, 3317.000000, -1886.874634, 1450.589844, 3699.858643
-1873.000000, 1124.000000, 3317.000000, -1910.263428, 1360.272339, 3584.659912
-1873.000000, 1124.000000, 3317.000000, -1926.901123, 1294.350586, 3500.778320
-1873.000000, 1124.000000, 3317.000000, -1938.619263, 1246.232788, 3439.747803
-1803.000000, 1167.000000, 3921.000000, -1926.658936, 1223.452515, 3568.785889
-1803.000000, 1167.000000, 3921.000000, -1917.539185, 1206.808105, 3662.978027
-1803.000000, 1167.000000, 3921.000000, -1910.498901, 1194.642090, 3731.739746
-1803.000000, 1167.000000, 3921.000000, -1904.982666, 1185.744995, 3781.942627
-1803.000000, 1167.000000, 3921.000000, -1900.584961, 1179.234009, 3818.601074
-1415.000000, 1000.000000, 4041.000000, -1785.736938, 1126.571655, 3879.788574
-1415.000000, 1000.000000, 4041.000000, -1701.658936, 1088.163940, 3924.432861
-1415.000000, 1000.000000, 4041.000000, -1640.041016, 1060.159058, 3957.004150
-1415.000000, 1000.000000, 4041.000000, -1594.818604, 1039.745972, 3980.764648
-1115.000000, -217.000000, 3965.000000, -1475.596436, 676.123901, 3976.316162
-1115.000000, -217.000000, 3965.000000, -1388.415649, 411.073456, 3973.078369
-1115.000000, -217.000000, 3965.000000, -1324.621704, 217.955872, 3970.724121
-1115.000000, -217.000000, 3965.000000, -1277.898315, 77.330254, 3969.014404
-1115.000000, -217.000000, 3965.000000, -1243.635742, -24.991180, 3967.774902
-896.000000, 492.000000, 3944.000000, -1155.769287, 103.626884, 3960.866211
-896.000000, 492.000000, 3944.000000, -1091.537231, 197.625031, 3955.836914
-896.000000, 492.000000, 3944.000000, -1044.555542, 266.355377, 3952.179199
-896.000000, 492.000000, 3944.000000, -1010.165039, 316.643188, 3949.522217
-1091.000000, -813.000000, 3799.000000, -1040.756470, -19.899998, 3906.109863
-1091.000000, -813.000000, 3799.000000, -1062.938354, -265.089294, 3874.472412
-1091.000000, -813.000000, 3799.000000, -1078.985229, -443.613251, 3851.427490
-1091.000000, -813.000000, 3799.000000, -1090.556763, -573.489685, 3834.653076
-1091.000000, -813.000000, 3799.000000, -1098.864502, -667.868225, 3822.454346
-869.000000, -142.000000, 4529.000000, -1041.328247, -544.523804, 4022.282715
-869.000000, -142.000000, 4529.000000, -999.253601, -454.258331, 4168.000488
-1336.000000, 62.000000, 3670.000000, -1101.926392, -329.837982, 4028.738525
-1336.000000, 62.000000, 3670.000000, -1176.675537, -238.839584, 3927.173584
-1336.000000, 62.000000, 3670.000000, -1231.048096, -172.236221, 3853.119873
-1336.000000, 62.000000, 3670.000000, -1270.551880, -123.439781, 3799.143311
-1336.000000, 62.000000, 3670.000000, -1299.206787, -87.642044, 3759.819092
-1001.000000, 809.000000, 3540.000000, -1224.279419, 151.989243, 3694.062744
-1001.000000, 809.000000, 3540.000000, -1169.496460, 326.897980, 3646.167236
-1001.000000, 809.000000, 3540.000000, -1129.416992, 454.569641, 3611.305420
-1001.000000, 809.000000, 3540.000000, -1100.070435, 547.765747, 3585.955078
-1674.000000, 923.000000, 3172.000000, -1270.640991, 648.337036, 3462.513428
-1674.000000, 923.000000, 3172.000000, -1394.895264, 721.729736, 3372.589111
-1674.000000, 923.000000, 3172.000000, -1485.349365, 775.286499, 3307.125000
-1674.000000, 923.000000, 3172.000000, -1551.138062, 814.366455, 3259.510498
-1674.000000, 923.000000, 3172.000000, -1598.927979, 842.880737, 3224.921143
-1409.000000, 1171.000000, 3776.000000, -1558.000977, 934.419189, 3372.110352
-1409.000000, 1171.000000, 3776.000000, -1527.966431, 1001.169189, 3479.567871
-1409.000000, 1171.000000, 3776.000000, -1505.884155, 1049.828247, 3558.026855
-1409.000000, 1171.000000, 3776.000000, -1489.608276, 1085.284546, 3615.320557
-1756.000000, 548.000000, 4044.000000, -1576.494873, 933.501404, 3733.567627
-1756.000000, 548.000000, 4044.000000, -1639.684082, 822.793335, 3819.845215
-1756.000000, 548.000000, 4044.000000, -1685.580933, 742.063293, 3882.790039
-1756.000000, 548.000000, 4044.000000, -1718.859863, 683.212036, 3928.705566
-1756.000000, 548.000000, 4044.000000, -1742.932739, 640.328369, 3962.192383
-1528.000000, 125.000000, 5367.000000, -1695.330078, 488.581116, 4363.544434
-1528.000000, 125.000000, 5367.000000, -1660.422485, 377.979279, 4656.186035
-1528.000000, 125.000000, 5367.000000, -1634.782837, 297.406036, 4869.488281
-1528.000000, 125.000000, 5367.000000, -1615.909668, 238.747620, 5024.887207
-1528.000000, 125.000000, 5367.000000, -1601.977661, 196.082184, 5138.028320
-1745.000000, -573.000000, 3783.000000, -1653.445190, -33.668625, 4769.285156
-1745.000000, -573.000000, 3783.000000, -1690.814209, -201.075439, 4500.190430
-1745.000000, -573.000000, 3783.000000, -1717.896118, -322.983032, 4303.825684
-1745.000000, -573.000000, 3783.000000, -1737.472290, -411.685699, 4160.543457
-1736.000000, 784.000000, 4428.000000, -1749.011353, -89.912247, 4239.591309
-1736.000000, 784.000000, 4428.000000, -1757.250488, 144.945862, 4297.199219
-1736.000000, 784.000000, 4428.000000, -1763.083374, 316.366913, 4339.159668
-1736.000000, 784.000000, 4428.000000, -1767.162720, 441.486969, 4369.700684
-1736.000000, 784.000000, 4428.000000, -1769.964600, 532.813110, 4391.907715
-1644.000000, -690.000000, 3749.000000, -1745.663574, 180.136566, 4214.865723
-1644.000000, -690.000000, 3749.000000, -1727.773560, -76.990051, 4085.693848
-1644.000000, -690.000000, 3749.000000, -1714.564941, -264.380463, 3991.460693
-1644.000000, -690.000000, 3749.000000, -1704.775269, -400.875397, 3922.728271
-1620.000000, -143.000000, 3816.000000, -1690.657837, -344.669037, 3891.661133
-1620.000000, -143.000000, 3816.000000, -1680.213501, -303.476715, 3869.018555
-1620.000000, -143.000000, 3816.000000, -1672.452026, -273.244904, 3852.524170
-1620.000000, -143.000000, 3816.000000, -1666.650513, -251.015060, 3840.517334
-1620.000000, -143.000000, 3816.000000, -1662.281616, -234.627686, 3831.784912
-1095.000000, -805.000000, 5558.000000, -1509.725464, -410.684326, 4320.616699
-1095.000000, -805.000000, 5558.000000, -1398.342773, -538.905396, 4677.117676
-1095.000000, -805.000000, 5558.000000, -1317.012573, -632.215454, 4937.036133
-1095.000000, -805.000000, 5558.000000, -1257.617920, -700.047729, 5126.463379
-1095.000000, -805.000000, 5558.000000, -1214.234253, -749.287476, 5264.443848
-1039.000000, -805.000000, 5372.000000, -1166.625732, -784.960022, 5312.027832
-1039.000000, -805.000000, 5372.000000, -1131.855835, -810.733215, 5346.518066
-1039.000000, -805.000000, 5372.000000, -1106.457397, -829.284180, 5371.455078
-1039.000000, -805.000000, 5372.000000, -1087.899414, -842.566833, 5389.421875
-1027.000000, -52.000000, 4394.000000, -1070.926025, -638.118591, 5124.504395
-1027.000000, -52.000000, 4394.000000, -1058.520386, -488.776672, 4931.089355
-1027.000000, -52.000000, 4394.000000, -1049.448975, -379.657898, 4789.863770
-1027.000000, -52.000000, 4394.000000, -1042.811768, -299.899170, 4686.732422
-1027.000000, -52.000000, 4394.000000, -1037.951538, -241.571548, 4611.405762
-846.000000, 35.000000, 3828.000000, -982.994934, -174.184692, 4395.662598
-846.000000, 35.000000, 3828.000000, -942.899109, -124.905304, 4238.242188
-846.000000, 35.000000, 3828.000000, -913.650085, -88.843620, 4123.391113
-846.000000, 35.000000, 3828.000000, -892.318176, -62.430626, 4039.610596
-701.000000, -169.000000, 3936.000000, -835.604553, -100.969604, 4009.165283
-701.000000, -169.000000, 3936.000000, -794.251465, -128.974182, 3986.972412
-701.000000, -169.000000, 3936.000000, -764.109680, -149.291168, 3970.802979
-701.000000, -169.000000, 3936.000000, -742.150696, -163.998413, 3959.029785
-701.000000, -169.000000, 3936.000000, -726.164062, -174.612534, 3950.464844
-256.000000, -41.000000, 4220.000000, -588.258240, -145.917801, 4024.832275
-256.000000, -41.000000, 4220.000000, -487.717590, -124.877533, 4079.092285
-256.000000, -41.000000, 4220.000000, -414.448730, -109.425392, 4118.675781
-256.000000, -41.000000, 4220.000000, -361.084534, -98.053177, 4147.547363
-266.000000, -718.000000, 4256.000000, -325.084686, -281.725281, 4178.813477
-266.000000, -718.000000, 4256.000000, -298.919312, -415.581787, 4201.608398
-266.000000, -718.000000, 4256.000000, -279.931030, -513.079895, 4218.220703
-266.000000, -718.000000, 4256.000000, -266.180267, -584.042114, 4230.320312
-266.000000, -718.000000, 4256.000000, -256.251312, -635.637817, 4239.125977
116.000000, -610.000000, 4715.000000, -140.768890, -642.469360, 4375.708984
116.000000, -610.000000, 4715.000000, -56.647266, -647.278259, 4475.299805
116.000000, -610.000000, 4715.000000, 4.585565, -650.612854, 4547.890625
116.000000, -610.000000, 4715.000000, 49.113380, -652.873352, 4600.775391
116.000000, -610.000000, 4715.000000, 81.449753, -654.351807, 4639.277832
48.000000, -601.000000, 4455.000000, 85.608437, -652.709595, 4593.562500
48.000000, -601.000000, 4455.000000, 88.493652, -651.344849, 4560.140625
48.000000, -601.000000, 4455.000000, 90.450912, -650.184570, 4535.692383
48.000000, -601.000000, 4455.000000, 91.732384, -649.175293, 4517.795410
-51.000000, -792.000000, 4466.000000, 64.457382, -702.423218, 4507.798340
-51.000000, -792.000000, 4466.000000, 44.421204, -741.099487, 4500.448242
-51.000000, -792.000000, 4466.000000, 29.670073, -769.141785, 4495.031250
-51.000000, -792.000000, 4466.000000, 18.777876, -789.424255, 4491.025879
-51.000000, -792.000000, 4466.000000, 10.703659, -804.044861, 4488.051270
-493.000000, -872.000000, 4101.000000, -120.581238, -837.207886, 4382.383301
-493.000000, -872.000000, 4101.000000, -216.457275, -861.221252, 4305.264160
-493.000000, -872.000000, 4101.000000, -286.487305, -878.558228, 4248.983398
-493.000000, -872.000000, 4101.000000, -337.651367, -891.024109, 4207.913086
-493.000000, -872.000000, 4101.000000, -375.044373, -899.936646, 4177.944824
-420.000000, -839.000000, 4069.000000, -381.700623, -896.907043, 4147.012695
-420.000000, -839.000000, 4069.000000, -386.617401, -894.518616, 4124.449707
-420.000000, -839.000000, 4069.000000, -390.264008, -892.600159, 4107.995117
-420.000000, -839.000000, 4069.000000, -392.982910, -891.026672, 4095.999268
-521.000000, -743.000000, 3652.000000, -423.637604, -862.510010, 3969.120605
-521.000000, -743.000000, 3652.000000, -446.052979, -841.541260, 3876.590820
-521.000000, -743.000000, 3652.000000, -462.453857, -826.083679, 3809.132080
-521.000000, -743.000000, 3652.000000, -474.464325, -814.650513, 3759.972412
-521.000000, -743.000000, 3652.000000, -483.269775, -806.156555, 3724.168945
-489.000000, -494.000000, 3531.000000, -480.671570, -729.281494, 3663.840820
-489.000000, -494.000000, 3531.000000, -478.818176, -673.062988, 3619.902832
-489.000000, -494.000000, 3531.000000, -477.508057, -631.923523, 3587.927490
-489.000000, -494.000000, 3531.000000, -476.594086, -601.791748, 3564.683105
-679.000000, -333.000000, 3359.000000, -529.777588, -534.100281, 3499.099365
-679.000000, -333.000000, 3359.000000, -568.608948, -484.615479, 3451.348633
-679.000000, -333.000000, 3359.000000, -596.964294, -448.421112, 3416.613525
-679.000000, -333.000000, 3359.000000, -617.672852, -421.928680, 3391.377441
-679.000000, -333.000000, 3359.000000, -632.799683, -402.518860, 3373.073975
-480.000000, -276.000000, 3865.000000, -587.504639, -372.139893, 3503.105225
-480.000000, -276.000000, 3865.000000, -554.484863, -349.903900, 3598.053711
-480.000000, -276.000000, 3865.000000, -530.424744, -333.612396, 3667.393555
-480.000000, -276.000000, 3865.000000, -512.904175, -321.660736, 3718.040771
-300.000000, -196.000000, 3943.000000, -449.195587, -290.228210, 3777.126221
-300.000000, -196.000000, 3943.000000, -402.761902, -267.238678, 3820.275391
-300.000000, -196.000000, 3943.000000, -368.937042, -250.412506, 3851.791992
-300.000000, -196.000000, 3943.000000, -344.315094, -238.085770, 3874.817383
-300.000000, -196.000000, 3943.000000, -326.410004, -229.043869, 3891.644531
385.000000, -142.000000, 4027.000000, -119.501694, -207.114273, 3927.725342
385.000000, -142.000000, 4027.000000, 31.354553, -191.072510, 3954.068604
385.000000, -142.000000, 4027.000000, 141.298279, -179.328918, 3973.303955
385.000000, -142.000000, 4027.000000, 221.380295, -170.723175, 3987.351074
385.000000, -142.000000, 4027.000000, 279.666931, -164.408310, 3997.610840
14.000000, -160.000000, 3989.000000, 217.040665, -164.860687, 3994.351074
14.000000, -160.000000, 3989.000000, 171.220505, -165.155762, 3991.983887
14.000000, -160.000000, 3989.000000, 137.668732, -165.336502, 3990.267822
14.000000, -160.000000, 3989.000000, 113.073112, -165.434250, 3989.027100
542.000000, 378.000000, 4144.000000, 244.441666, -13.216095, 4031.998779
542.000000, 378.000000, 4144.000000, 340.147797, 97.843582, 4063.353271
542.000000, 378.000000, 4144.000000, 409.824493, 178.860565, 4086.227783
542.000000, 378.000000, 4144.000000, 460.503143, 237.948715, 4102.912598
542.000000, 378.000000, 4144.000000, 497.316254, 281.030548, 4115.079590
-107.000000, 262.000000, 4277.000000, 340.363800, 279.604889, 4161.583496
-107.000000, 262.000000, 4277.000000, 225.722412, 278.533997, 4195.496582
-107.000000, 262.000000, 4277.000000, 141.966217, 277.722290, 4220.218750
-107.000000, 262.000000, 4277.000000, 80.755005, 277.099915, 4238.232910
-107.000000, 262.000000, 4277.000000, 36.000961, 276.615967, 4251.350586
-416.000000, 352.000000, 4567.000000, -84.166710, 301.697418, 4342.946289
-416.000000, 352.000000, 4567.000000, -171.906708, 319.962280, 4409.730957
-416.000000, 352.000000, 4567.000000, -235.976212, 333.251770, 4458.405273
-416.000000, 352.000000, 4567.000000, -282.767456, 342.909851, 4493.860840
-658.000000, 356.000000, 4162.000000, -385.410889, 351.049164, 4405.089355
-658.000000, 356.000000, 4162.000000, -460.321442, 356.947937, 4340.280762
-658.000000, 356.000000, 4162.000000, -514.988770, 361.211548, 4292.964355
-658.000000, 356.000000, 4162.000000, -554.879883, 364.281921, 4258.415527
-559.000000, 213.000000, 4003.000000, -555.979370, 326.028595, 4188.207520
-559.000000, 213.000000, 4003.000000, -556.784363, 298.086395, 4136.974121
-559.000000, 213.000000, 4003.000000, -557.374329, 277.670837, 4099.590820
-559.000000, 213.000000, 4003.000000, -557.807373, 262.749390, 4072.316895
-559.000000, 213.000000, 4003.000000, -558.125793, 251.838379, 4052.422363
-513.000000, 541.000000, 4027.000000, -545.348816, 336.633575, 4044.702881
-513.000000, 541.000000, 4027.000000, -536.031555, 398.460571, 4039.077881
-513.000000, 541.000000, 4027.000000, -529.239502, 443.522705, 4034.981689
-513.000000, 541.000000, 4027.000000, -524.290710, 476.348022, 4032.001221
-595.000000, 334.000000, 4109.000000, -543.880310, 441.693420, 4053.028320
-595.000000, 334.000000, 4109.000000, -558.175964, 416.362335, 4068.374023
-595.000000, 334.000000, 4109.000000, -568.607483, 397.837189, 4079.572754
-595.000000, 334.000000, 4109.000000, -576.218323, 384.280243, 4087.744141
-595.000000, 334.000000, 4109.000000, -581.770264, 374.350037, 4093.706055
-1194.000000, 240.000000, 3609.000000, -755.227966, 340.482422, 3956.645508
-1194.000000, 240.000000, 3609.000000, -881.748962, 315.741150, 3856.671143
-1194.000000, 240.000000, 3609.000000, -974.009705, 297.661743, 3783.767090
-1194.000000, 240.000000, 3609.000000, -1041.263184, 284.445251, 3730.622314
-1194.000000, 240.000000, 3609.000000, -1090.263672, 274.778503, 3691.899658
-1055.000000, 399.000000, 3620.000000, -1086.632324, 312.667877, 3666.814697
-1055.000000, 399.000000, 3620.000000, -1083.913330, 340.282043, 3648.571533
-1055.000000, 399.000000, 3620.000000, -1081.860840, 360.396210, 3635.321533
-1055.000000, 399.000000, 3620.000000, -1080.295410, 375.036133, 3625.716064
-1086.000000, 464.000000, 3704.000000, -1087.852539, 404.061340, 3642.523682
-1086.000000, 464.000000, 3704.000000, -1093.298340, 425.196808, 3654.844482
-1086.000000, 464.000000, 3704.000000, -1097.203613, 440.573608, 3663.889893
-1086.000000, 464.000000, 3704.000000, -1099.984985, 451.747345, 3670.543701
-128.000000, 1678.000000, 3672.000000, -831.055481, 803.133118, 3666.402832
-128.000000, 1678.000000, 3672.000000, -634.826050, 1059.395508, 3663.435303
-128.000000, 1678.000000, 3672.000000, -491.663025, 1246.224976, 3661.323730
-128.000000, 1678.000000, 3672.000000, -387.234985, 1382.374390, 3659.836426
-128.000000, 1678.000000, 3672.000000, -311.080688, 1481.531982, 3658.804199
-70.000000, 1290.000000, 3984.000000, -239.164520, 1443.982422, 3746.322021
-70.000000, 1290.000000, 3984.000000, -186.749435, 1416.410645, 3810.211426
-70.000000, 1290.000000, 3984.000000, -148.568375, 1396.123657, 3856.853516
-70.000000, 1290.000000, 3984.000000, -120.776649, 1381.155518, 3890.905762
-70.000000, 1290.000000, 3984.000000, -100.567856, 1370.071411, 3915.768066
-84.000000, 866.000000, 4362.000000, -89.851776, 1241.944336, 4040.795654
-84.000000, 866.000000, 4362.000000, -82.103806, 1148.325684, 4132.009277
-84.000000, 866.000000, 4362.000000, -76.521706, 1079.897217, 4198.540527
-84.000000, 866.000000, 4362.000000, -72.519897, 1029.857178, 4247.055664
-43.000000, 984.000000, 4175.000000, -58.079288, 1026.601685, 4229.551270
-43.000000, 984.000000, 4175.000000, -47.615925, 1024.118774, 4216.752930
-43.000000, 984.000000, 4175.000000, -40.055016, 1022.200745, 4207.390137
-43.000000, 984.000000, 4175.000000, -34.612022, 1020.695923, 4200.535645
-43.000000, 984.000000, 4175.000000, -30.714289, 1019.493774, 4195.511719
-209.000000, 774.000000, 4270.000000, -74.873611, 959.144470, 4218.681641
-209.000000, 774.000000, 4270.000000, -107.157158, 915.021606, 4235.561035
-209.000000, 774.000000, 4270.000000, -130.771515, 882.743958, 4247.848145
-209.000000, 774.000000, 4270.000000, -148.057343, 859.113342, 4256.783691
-139.000000, 632.000000, 4017.000000, -140.934204, 801.651917, 4191.750000
-139.000000, 632.000000, 4017.000000, -135.792572, 759.660583, 4144.283203
-139.000000, 632.000000, 4017.000000, -132.096802, 728.962097, 4109.639160
-139.000000, 632.000000, 4017.000000, -129.455872, 706.507263, 4084.354980
-139.000000, 632.000000, 4017.000000, -127.584389, 690.070312, 4065.903320
-216.000000, 453.000000, 4178.000000, -148.041016, 627.425354, 4097.951660
-216.000000, 453.000000, 4178.000000, -163.017212, 581.678833, 4121.325684
-216.000000, 453.000000, 4178.000000, -173.992523, 548.267456, 4138.368164
-216.000000, 453.000000, 4178.000000, -182.046951, 523.860352, 4150.789551
-46.000000, 514.000000, 4081.000000, -139.913300, 523.269531, 4132.417480
-46.000000, 514.000000, 4081.000000, -109.224930, 522.811218, 4119.002441
-46.000000, 514.000000, 4081.000000, -86.890396, 522.449951, 4109.205566
-46.000000, 514.000000, 4081.000000, -70.653114, 522.159668, 4102.049805
-46.000000, 514.000000, 4081.000000, -58.865894, 521.921570, 4096.821777
-32.000000, 486.000000, 4111.000000, -46.368988, 513.807007, 4101.481445
-32.000000, 486.000000, 4111.000000, -37.312855, 507.862152, 4104.873535
-32.000000, 486.000000, 4111.000000, -30.767683, 503.501282, 4107.341309
-32.000000, 486.000000, 4111.000000, -26.054758, 500.296906, 4109.133789
-32.000000, 486.000000, 4111.000000, -22.678656, 497.936890, 4110.433594
-317.000000, 321.000000, 4047.000000, -100.836220, 449.554321, 4093.283447
-317.000000, 321.000000, 4047.000000, -157.908630, 414.240997, 4080.765869
-317.000000, 321.000000, 4047.000000, -199.589661, 388.467590, 4071.629395
-317.000000, 321.000000, 4047.000000, -230.035507, 369.657837, 4064.961182
-317.000000, 321.000000, 4047.000000, -252.279984, 355.931183, 4060.094482
-289.000000, 191.000000, 4267.000000, -260.623352, 309.170074, 4118.726562
-289.000000, 191.000000, 4267.000000, -266.737701, 275.059296, 4161.493652
-289.000000, 191.000000, 4267.000000, -271.224731, 250.182434, 4192.680664
-289.000000, 191.000000, 4267.000000, -274.523621, 232.045731, 4215.415039
-469.000000, 312.000000, 3981.000000, -327.831482, 253.029160, 4151.142578
-469.000000, 312.000000, 3981.000000, -366.740448, 268.350281, 4104.238281
-469.000000, 312.000000, 3981.000000, -395.138916, 279.538177, 4070.011719
-469.000000, 312.000000, 3981.000000, -415.865204, 287.708984, 4045.039307
-469.000000, 312.000000, 3981.000000, -430.991150, 293.677460, 4026.821777
-666.000000, 78.000000, 4361.000000, -497.709259, 231.900436, 4120.938477
-666.000000, 78.000000, 4361.000000, -546.378296, 186.844406, 4189.594727
-666.000000, 78.000000, 4361.000000, -581.872620, 153.993561, 4239.666504
-666.000000, 78.000000, 4361.000000, -607.750244, 130.051620, 4276.173340
-728.000000, 0.000000, 4176.000000, -644.131775, 90.566864, 4250.490723
-728.000000, 0.000000, 4176.000000, -670.648499, 61.793205, 4231.727539
-728.000000, 0.000000, 4176.000000, -689.964600, 40.837727, 4218.015625
-728.000000, 0.000000, 4176.000000, -704.025024, 25.588739, 4207.990723
-728.000000, 0.000000, 4176.000000, -714.249268, 14.504817, 4200.657715
-695.000000, 226.000000, 4127.000000, -712.346863, 70.335121, 4181.440430
-695.000000, 226.000000, 4127.000000, -710.924438, 111.102058, 4167.404785
-695.000000, 226.000000, 4127.000000, -709.852661, 140.873337, 4157.151855
-695.000000, 226.000000, 4127.000000, -709.037048, 162.618210, 4149.659668
-695.000000, 226.000000, 4127.000000, -708.408752, 178.504074, 4144.182617
-462.000000, 704.000000, 4298.000000, -642.065857, 325.207611, 4188.505859
-462.000000, 704.000000, 4298.000000, -593.640076, 432.237762, 4220.827148
-462.000000, 704.000000, 4298.000000, -558.292847, 510.308746, 4244.388184
-462.000000, 704.000000, 4298.000000, -532.492371, 567.241333, 4261.554688
-637.000000, 413.000000, 4455.000000, -563.119080, 526.501831, 4318.425293
-637.000000, 413.000000, 4455.000000, -585.450989, 496.751617, 4359.883789
-637.000000, 413.000000, 4455.000000, -601.728210, 475.023193, 4390.092773
-637.000000, 413.000000, 4455.000000, -613.586060, 459.150421, 4412.090332
-637.000000, 413.000000, 4455.000000, -622.218079, 447.552124, 4428.095215
-352.000000, 947.000000, 4208.000000, -547.949890, 589.991333, 4369.919434
-352.000000, 947.000000, 4208.000000, -493.755646, 693.876221, 4327.437988
-352.000000, 947.000000, 4208.000000, -454.214233, 769.619019, 4296.412598
-352.000000, 947.000000, 4208.000000, -425.368530, 824.820190, 4273.749512
-352.000000, 947.000000, 4208.000000, -404.330048, 865.027710, 4257.190918
-243.000000, 979.000000, 4201.000000, -358.185486, 903.334961, 4243.110352
-243.000000, 979.000000, 4201.000000, -324.535034, 931.207581, 4232.817871
-243.000000, 979.000000, 4201.000000, -300.004425, 951.464355, 4225.291016
-243.000000, 979.000000, 4201.000000, -282.130554, 966.162598, 4219.782715
23.000000, 1089.000000, 3866.000000, -193.941254, 1007.891296, 4121.073730
23.000000, 1089.000000, 3866.000000, -129.637405, 1038.248779, 4049.055908
23.000000, 1089.000000, 3866.000000, -82.768181, 1060.306763, 3996.520752
23.000000, 1089.000000, 3866.000000, -48.624783, 1076.307251, 3958.206787
23.000000, 1089.000000, 3866.000000, -23.770010, 1087.887085, 3930.273438
180.000000, 1195.000000, 3937.000000, 38.674362, 1126.197266, 3929.982178
180.000000, 1195.000000, 3937.000000, 84.166061, 1154.048584, 3929.792725
180.000000, 1195.000000, 3937.000000, 117.283920, 1174.266602, 3929.677246
180.000000, 1195.000000, 3937.000000, 141.370255, 1188.913574, 3929.615967
-458.000000, 599.000000, 4135.000000, -21.436724, 1031.062744, 3985.549561
-458.000000, 599.000000, 4135.000000, -140.272522, 915.816040, 4026.372070
-458.000000, 599.000000, 4135.000000, -227.011383, 831.668518, 4056.164551
-458.000000, 599.000000, 4135.000000, -290.320984, 770.222290, 4077.905518
-458.000000, 599.000000, 4135.000000, -336.528290, 725.347168, 4093.769287
-624.000000, 505.000000, 4173.000000, -417.163605, 666.003845, 4116.082031
-624.000000, 505.000000, 4173.000000, -475.993896, 622.677917, 4132.357910
-624.000000, 505.000000, 4173.000000, -518.907715, 591.044006, 4144.227051
-624.000000, 505.000000, 4173.000000, -550.203552, 567.944885, 4152.879883
-624.000000, 505.000000, 4173.000000, -573.018921, 551.075867, 4159.184570
-700.000000, 104.000000, 4285.000000, -611.121704, 425.432312, 4195.427246
-700.000000, 104.000000, 4285.000000, -638.895264, 333.768799, 4221.855469
-700.000000, 104.000000, 4285.000000, -659.129333, 266.908783, 4241.119629
-700.000000, 104.000000, 4285.000000, -673.860168, 218.153778, 4255.155273
-404.000000, 534.000000, 3931.000000, -600.925415, 304.131165, 4165.334473
-404.000000, 534.000000, 3931.000000, -547.690674, 366.877533, 4099.794434
-404.000000, 534.000000, 3931.000000, -508.835968, 412.666473, 4051.978027
-404.000000, 534.000000, 3931.000000, -480.478027, 446.077454, 4017.099121
-404.000000, 534.000000, 3931.000000, -459.782135, 470.453217, 3991.663330
-578.000000, 286.000000, 3865.000000, -493.850800, 418.150146, 3954.469482
-578.000000, 286.000000, 3865.000000, -518.698181, 379.994720, 3927.353027
-578.000000, 286.000000, 3865.000000, -536.814697, 352.166290, 3907.592529
-578.000000, 286.000000, 3865.000000, -550.018005, 331.875946, 3893.201172
-578.000000, 286.000000, 3865.000000, -559.635193, 317.087891, 3882.729004
-290.000000, 466.000000, 4245.000000, -485.247711, 357.182983, 3982.502930
-290.000000, 466.000000, 4245.000000, -430.969452, 386.447205, 4055.310547
-290.000000, 466.000000, 4245.000000, -391.369781, 407.805481, 4108.434082
-290.000000, 466.000000, 4245.000000, -362.484619, 423.392822, 4147.189453
-490.000000, 315.000000, 4281.000000, -397.938904, 392.096222, 4185.630371
-490.000000, 315.000000, 4281.000000, -423.810394, 369.269867, 4213.663574
-490.000000, 315.000000, 4281.000000, -442.686951, 352.626251, 4234.099609
-490.000000, 315.000000, 4281.000000, -456.457581, 340.495667, 4248.990234
-490.000000, 315.000000, 4281.000000, -466.501160, 331.659241, 4259.833496
-443.000000, -333.000000, 4821.000000, -460.542389, 142.108170, 4420.321289
-443.000000, -333.000000, 4821.000000, -456.191284, 3.856213, 4537.366211
-443.000000, -333.000000, 4821.000000, -453.013672, -96.950684, 4622.700684
-443.000000, -333.000000, 4821.000000, -450.692657, -170.425293, 4684.888672
-272.000000, -57.000000, 4086.000000, -400.673950, -145.954605, 4522.478027
-272.000000, -57.000000, 4086.000000, -364.185699, -128.023972, 4403.931152
-272.000000, -57.000000, 4086.000000, -337.573883, -114.867859, 4317.403320
-272.000000, -57.000000, 4086.000000, -318.171173, -105.197487, 4254.247559
-272.000000, -57.000000, 4086.000000, -304.030579, -98.072113, 4208.152344
-53.000000, -107.000000, 4217.000000, -231.843826, -106.934486, 4211.529785
-53.000000, -107.000000, 4217.000000, -179.204422, -113.331070, 4213.981934
-53.000000, -107.000000, 4217.000000, -140.833221, -117.928352, 4215.758789
-53.000000, -107.000000, 4217.000000, -112.876656, -121.212845, 4217.042969
-53.000000, -107.000000, 4217.000000, -92.521820, -123.539658, 4217.967285
196.000000, 455.000000, 4076.000000, -7.350981, 33.646515, 4178.784180
196.000000, 455.000000, 4076.000000, 54.732697, 148.373672, 4150.189941
196.000000, 455.000000, 4076.000000, 99.964584, 232.107788, 4129.325195
196.000000, 455.000000, 4076.000000, 132.896210, 293.218506, 4114.102539
196.000000, 455.000000, 4076.000000, 156.849976, 337.815247, 4102.998047
133.000000, -181.000000, 4542.000000, 156.448090, 190.632126, 4226.585938
133.000000, -181.000000, 4542.000000, 156.080551, 83.275826, 4316.739258
133.000000, -181.000000, 4542.000000, 155.738754, 4.990600, 4382.488281
133.000000, -181.000000, 4542.000000, 155.416443, -52.074753, 4430.422852
214.000000, -125.000000, 4271.000000, 177.998535, -77.826393, 4388.773926
214.000000, -125.000000, 4271.000000, 194.399261, -96.554062, 4358.353516
214.000000, -125.000000, 4271.000000, 206.288651, -110.155159, 4336.129883
214.000000, -125.000000, 4271.000000, 214.885727, -120.014687, 4319.889160
214.000000, -125.000000, 4271.000000, 221.080322, -127.143646, 4308.016113
382.000000, 102.000000, 4501.000000, 272.996399, -68.132980, 4364.326172
382.000000, 102.000000, 4501.000000, 310.789185, -25.023756, 4405.379395
382.000000, 102.000000, 4501.000000, 338.273529, 6.477823, 4435.295898
382.000000, 102.000000, 4501.000000, 358.234131, 29.506052, 4457.083496
382.000000, 102.000000, 4501.000000, 372.703705, 46.348816, 4472.937988
232.000000, 316.000000, 4132.000000, 340.778168, 119.149445, 4380.187988
232.000000, 316.000000, 4132.000000, 317.396698, 172.292328, 4312.489258
232.000000, 316.000000, 4132.000000, 300.252716, 211.085938, 4263.077148
232.000000, 316.000000, 4132.000000, 287.662567, 239.405182, 4227.013184
264.000000, 907.000000, 4338.000000, 287.439972, 427.086304, 4258.905273
264.000000, 907.000000, 4338.000000, 287.198517, 564.001404, 4282.160156
264.000000, 907.000000, 4338.000000, 286.944031, 663.860291, 4299.109863
264.000000, 907.000000, 4338.000000, 286.680756, 736.670593, 4311.458008
264.000000, 907.000000, 4338.000000, 286.411835, 789.737244, 4320.447266
643.000000, 453.000000, 4295.000000, 393.239075, 700.099304, 4314.833496
643.000000, 453.000000, 4295.000000, 471.088165, 634.653076, 4310.718262
643.000000, 453.000000, 4295.000000, 527.785767, 586.865784, 4307.696777
643.000000, 453.000000, 4295.000000, 569.044861, 551.968872, 4305.474121
279.000000, 1921.000000, 3564.000000, 496.175140, 941.315002, 4097.265137
279.000000, 1921.000000, 3564.000000, 442.910858, 1225.294189, 3945.370361
279.000000, 1921.000000, 3564.000000, 403.958405, 1432.362183, 3834.582031
279.000000, 1921.000000, 3564.000000, 375.453583, 1583.290527, 3753.798340
279.000000, 1921.000000, 3564.000000, 354.575836, 1693.241333, 3694.916260
361.000000, 1665.000000, 3751.000000, 362.438019, 1700.940918, 3704.863525
361.000000, 1665.000000, 3751.000000, 368.096100, 1706.381958, 3712.182617
361.000000, 1665.000000, 3751.000000, 372.146057, 1710.175903, 3717.582520
361.000000, 1665.000000, 3751.000000, 375.022919, 1712.769165, 3721.581055
361.000000, 1665.000000, 3751.000000, 377.044281, 1714.487671, 3724.556152
6.000000, 1987.000000, 3204.000000, 278.124756, 1806.560913, 3572.210693
6.000000, 1987.000000, 3204.000000, 205.892105, 1873.552246, 3461.139648
6.000000, 1987.000000, 3204.000000, 153.139999, 1922.236938, 3380.196045
6.000000, 1987.000000, 3204.000000, 114.608093, 1957.560547, 3321.242676
-314.000000, 2261.000000, 3675.000000, -3.970064, 2060.560791, 3411.437256
-314.000000, 2261.000000, 3675.000000, -90.505203, 2135.496582, 3477.336914
-314.000000, 2261.000000, 3675.000000, -153.650497, 2189.948730, 3525.501953
-314.000000, 2261.000000, 3675.000000, -199.722351, 2229.450928, 3560.721191
-314.000000, 2261.000000, 3675.000000, -233.331467, 2258.042725, 3586.489746
-585.000000, 2093.000000, 3390.000000, -334.423492, 2231.198486, 3524.822998
-585.000000, 2093.000000, 3390.000000, -408.155914, 2211.388916, 3479.909424
-585.000000, 2093.000000, 3390.000000, -461.917542, 2196.716309, 3447.223877
-585.000000, 2093.000000, 3390.000000, -501.101807, 2185.795410, 3423.463379
-731.000000, 1963.000000, 3720.000000, -570.902832, 2140.878906, 3499.469482
-731.000000, 1963.000000, 3720.000000, -621.774902, 2107.903809, 3554.999512
-731.000000, 1963.000000, 3720.000000, -658.830383, 2083.647217, 3595.582520
-731.000000, 1963.000000, 3720.000000, -685.800903, 2065.756592, 3625.254639
-731.000000, 1963.000000, 3720.000000, -705.410522, 2052.514160, 3646.961914
-729.000000, 1862.000000, 3964.000000, -719.082458, 2014.125732, 3731.804932
-729.000000, 1862.000000, 3964.000000, -728.986145, 1985.939087, 3793.748047
-729.000000, 1862.000000, 3964.000000, -736.139771, 1965.200684, 3838.975586
-729.000000, 1862.000000, 3964.000000, -741.286621, 1949.900757, 3872.000977
-790.000000, 1945.000000, 3795.000000, -762.206787, 1962.026611, 3848.363037
-790.000000, 1945.000000, 3795.000000, -777.394958, 1970.707275, 3831.144043
-790.000000, 1945.000000, 3795.000000, -788.399658, 1976.874512, 3818.610352
-790.000000, 1945.000000, 3795.000000, -796.351257, 1981.208862, 3809.496338
-790.000000, 1945.000000, 3795.000000, -802.074951, 1984.206787, 3802.878174
-868.000000, 1663.000000, 3630.000000, -828.214417, 1906.542480, 3751.455566
-868.000000, 1663.000000, 3630.000000, -847.204468, 1849.728882, 3713.977051
-868.000000, 1663.000000, 3630.000000, -860.976440, 1808.136597, 3686.676758
-868.000000, 1663.000000, 3630.000000, -870.940247, 1777.656494, 3666.805664
-591.000000, 1551.000000, 3600.000000, -799.849609, 1723.639648, 3643.879395
-591.000000, 1551.000000, 3600.000000, -747.908936, 1684.108643, 3627.204346
-591.000000, 1551.000000, 3600.000000, -709.947266, 1655.152710, 3615.091797
-591.000000, 1551.000000, 3600.000000, -682.190002, 1633.916992, 3606.309082
-591.000000, 1551.000000, 3600.000000, -661.881836, 1618.317749, 3599.956299
-1093.000000, 1917.000000, 3706.000000, -788.868042, 1710.259155, 3625.330811
-1093.000000, 1917.000000, 3706.000000, -881.443909, 1777.223267, 3643.895020
-1093.000000, 1917.000000, 3706.000000, -948.902832, 1825.956665, 3657.487549
-1093.000000, 1917.000000, 3706.000000, -998.028503, 1861.383911, 3667.450928
-1093.000000, 1917.000000, 3706.000000, -1033.772705, 1887.099609, 3674.764404
-296.000000, 1563.000000, 3590.000000, -834.531860, 1805.693481, 3647.363770
-296.000000, 1563.000000, 3590.000000, -689.096741, 1746.180176, 3627.419434
-296.000000, 1563.000000, 3590.000000, -582.937256, 1702.648438, 3612.917236
-296.000000, 1563.000000, 3590.000000, -505.447235, 1670.783569, 3602.386963
-1113.000000, 943.000000, 3208.000000, -679.754517, 1472.234619, 3486.809082
-1113.000000, 943.000000, 3208.000000, -806.874512, 1327.305542, 3402.552246
-1113.000000, 943.000000, 3208.000000, -899.550964, 1221.516724, 3341.157227
-1113.000000, 943.000000, 3208.000000, -967.086182, 1144.298462, 3296.449463
-717.000000, 1656.000000, 4266.000000, -904.367859, 1289.416992, 3562.893799
-717.000000, 1656.000000, 4266.000000, -858.531067, 1395.247192, 3757.339355
-717.000000, 1656.000000, 4266.000000, -825.017517, 1472.399658, 3899.229248
-717.000000, 1656.000000, 4266.000000, -800.499817, 1528.619873, 4002.756348
-717.000000, 1656.000000, 4266.000000, -782.549194, 1569.561401, 4078.280518
-1395.000000, 1157.000000, 4200.000000, -960.983582, 1458.342651, 4114.713867
-1395.000000, 1157.000000, 4200.000000, -1091.081909, 1377.135376, 4141.273438
-1395.000000, 1157.000000, 4200.000000, -1185.898315, 1317.835571, 4160.625000
-1395.000000, 1157.000000, 4200.000000, -1254.961914, 1274.527588, 4174.715820
-1240.000000, 1147.000000, 4078.000000, -1261.428101, 1240.067261, 4150.491699
-1240.000000, 1147.000000, 4078.000000, -1266.024902, 1214.893188, 4132.792480
-1240.000000, 1147.000000, 4078.000000, -1269.258423, 1196.497803, 4119.855957
-1240.000000, 1147.000000, 4078.000000, -1271.497803, 1183.050903, 4110.395996
-1240.000000, 1147.000000, 4078.000000, -1273.012451, 1173.216675, 4103.474609
-1435.000000, 1883.000000, 4702.000000, -1329.102905, 1374.000488, 4274.737305
-1435.000000, 1883.000000, 4702.000000, -1369.900513, 1520.439209, 4399.645020
-1435.000000, 1883.000000, 4702.000000, -1399.536255, 1627.209717, 4490.716309
-1435.000000, 1883.000000, 4702.000000, -1421.025757, 1705.025635, 4557.089844
-1865.000000, 743.000000, 4484.000000, -1558.080566, 1439.563232, 4543.832520
-1865.000000, 743.000000, 4484.000000, -1657.921509, 1245.832886, 4534.083984
-1865.000000, 743.000000, 4484.000000, -1730.599854, 1104.463623, 4526.897461
-1865.000000, 743.000000, 4484.000000, -1783.452637, 1001.315186, 4521.581055
-1865.000000, 743.000000, 4484.000000, -1821.835327, 926.065979, 4517.630859
-1333.000000, 2109.000000, 4859.000000, -1699.323364, 1257.189453, 4620.646973
-1333.000000, 2109.000000, 4859.000000, -1609.778198, 1498.741455, 4695.721191
-1333.000000, 2109.000000, 4859.000000, -1544.298340, 1674.911865, 4750.400391
-1333.000000, 2109.000000, 4859.000000, -1496.385986, 1803.358154, 4790.192871
-1333.000000, 2109.000000, 4859.000000, -1461.298340, 1896.969482, 4819.120605
-1423.000000, 966.000000, 4340.000000, -1461.005615, 1642.162476, 4693.457520
-1423.000000, 966.000000, 4340.000000, -1460.667114, 1456.184326, 4601.686523
-1423.000000, 966.000000, 4340.000000, -1460.296387, 1320.448120, 4534.656250
-1423.000000, 966.000000, 4340.000000, -1459.903320, 1221.386108, 4485.685547
-1149.000000, 1257.000000, 5002.000000, -1382.067505, 1231.326050, 4636.967285
-1149.000000, 1257.000000, 5002.000000, -1325.170166, 1238.558960, 4747.259277
-1149.000000, 1257.000000, 5002.000000, -1283.557861, 1243.816284, 4827.631836
-1149.000000, 1257.000000, 5002.000000, -1253.103760, 1247.631836, 4886.166016
-1149.000000, 1257.000000, 5002.000000, -1230.795166, 1250.395386, 4928.760254
-1280.000000, 897.000000, 4225.000000, -1251.451782, 1150.661377, 4740.153809
-1280.000000, 897.000000, 4225.000000, -1266.434448, 1077.891113, 4602.460938
-1280.000000, 897.000000, 4225.000000, -1277.276367, 1024.802979, 4501.933105
-1280.000000, 897.000000, 4225.000000, -1285.096558, 986.081787, 4428.534180
-980.000000, 61.000000, 4164.000000, -1205.937134, 721.608521, 4357.700684
-980.000000, 61.000000, 4164.000000, -1148.105591, 528.706299, 4305.986328
-980.000000, 61.000000, 4164.000000, -1105.843018, 388.046448, 4268.228027
-980.000000, 61.000000, 4164.000000, -1074.945557, 285.519897, 4240.657227
-980.000000, 61.000000, 4164.000000, -1052.344604, 210.827805, 4220.522949
-1544.000000, 887.000000, 3251.000000, -1195.176758, 389.865753, 3947.819092
-1544.000000, 887.000000, 3251.000000, -1299.310059, 520.581299, 3748.880859
-1544.000000, 887.000000, 3251.000000, -1375.196289, 616.023621, 3603.787109
-1544.000000, 887.000000, 3251.000000, -1430.464600, 685.718140, 3497.996094
-1544.000000, 887.000000, 3251.000000, -1470.683960, 736.617737, 3420.893311
-825.000000, -936.000000, 3805.000000, -1296.742310, 258.649353, 3521.281738
-825.000000, -936.000000, 3805.000000, -1169.755127, -89.956871, 3594.598389
-825.000000, -936.000000, 3805.000000, -1077.042725, -344.137115, 3648.153809
-825.000000, -936.000000, 3805.000000, -1009.349609, -529.393188, 3687.283936
-1166.000000, -281.000000, 3562.000000, -1056.280273, -479.248352, 3647.216309
-1166.000000, -281.000000, 3562.000000, -1090.471436, -442.460358, 3618.040527
-1166.000000, -281.000000, 3562.000000, -1115.364014, -415.423767, 3596.814697
-1166.000000, -281.000000, 3562.000000, -1133.469849, -395.506714, 3581.391113
-1166.000000, -281.000000, 3562.000000, -1146.622192, -380.788116, 3570.202393
-1128.000000, -849.000000, 3466.000000, -1145.421265, -530.372681, 3534.976318
-1128.000000, -849.000000, 3466.000000, -1144.487427, -639.303467, 3509.345459
-1128.000000, -849.000000, 3466.000000, -1143.749146, -718.561035, 3490.717773
-1128.000000, -849.000000, 3466.000000, -1143.154297, -776.160645, 3477.201416
-1128.000000, -849.000000, 3466.000000, -1142.664673, -817.953186, 3467.415283
-949.000000, -1328.000000, 3928.000000, -1091.670044, -983.566711, 3590.905029
-949.000000, -1328.000000, 3928.000000, -1054.417969, -1104.139526, 3681.059082
-949.000000, -1328.000000, 3928.000000, -1027.197632, -1191.837524, 3746.879395
-949.000000, -1328.000000, 3928.000000, -1007.300354, -1255.541016, 3794.937012
-1207.000000, -42.000000, 4419.000000, -1065.655396, -938.330688, 3968.777100
-1207.000000, -42.000000, 4419.000000, -1108.187622, -706.660889, 4095.613037
-1207.000000, -42.000000, 4419.000000, -1139.170654, -537.432678, 4188.138672
-1207.000000, -42.000000, 4419.000000, -1161.723999, -413.784943, 4255.620117
-1207.000000, -42.000000, 4419.000000, -1178.124634, -323.409882, 4304.821289
-1168.000000, -1018.000000, 4224.000000, -1179.014038, -533.124512, 4285.574707
-1168.000000, -1018.000000, 4224.000000, -1179.608154, -685.949707, 4271.497559
-1168.000000, -1018.000000, 4224.000000, -1179.987061, -797.250488, 4261.193359
-1168.000000, -1018.000000, 4224.000000, -1180.209595, -878.242676, 4253.644043
-1168.000000, -1018.000000, 4224.000000, -1180.318481, -937.113220, 4248.105469
-791.000000, 384.000000, 4451.000000, -1073.811279, -583.656555, 4308.181641
-791.000000, 384.000000, 4451.000000, -996.067993, -325.606293, 4351.974121
-791.000000, 384.000000, 4451.000000, -939.321167, -137.198700, 4383.881348
-791.000000, 384.000000, 4451.000000, -897.900818, 0.372654, 4407.112793
-849.000000, -294.000000, 4478.000000, -884.058044, -90.755936, 4431.642090
-849.000000, -294.000000, 4478.000000, -873.947510, -157.135986, 4449.485352
-849.000000, -294.000000, 4478.000000, -866.561523, -205.452011, 4462.448730
-849.000000, -294.000000, 4478.000000, -861.164490, -240.583389, 4471.850586
-1251.000000, -1535.000000, 5151.000000, -970.817932, -616.777710, 4668.832031
-1251.000000, -1535.000000, 5151.000000, -1050.796509, -891.068420, 4812.462402
-1251.000000, -1535.000000, 5151.000000, -1109.114502, -1090.977051, 4917.150391
-1251.000000, -1535.000000, 5151.000000, -1151.621948, -1236.593018, 4993.413574
-1251.000000, -1535.000000, 5151.000000, -1182.589111, -1342.580566, 5048.929688
-1142.000000, -957.000000, 4460.000000, -1174.331421, -1256.310913, 4894.037109
-1142.000000, -957.000000, 4460.000000, -1168.259399, -1193.121704, 4780.922363
-1142.000000, -957.000000, 4460.000000, -1163.783325, -1146.782104, 4698.303711
-1142.000000, -957.000000, 4460.000000, -1160.472656, -1112.743774, 4637.946777
-1039.000000, -1022.000000, 4262.000000, -1128.907104, -1106.054810, 4537.888184
-1039.000000, -1022.000000, 4262.000000, -1105.838257, -1100.954224, 4464.830078
-1039.000000, -1022.000000, 4262.000000, -1088.971924, -1097.015015, 4411.481445
-1039.000000, -1022.000000, 4262.000000, -1076.633545, -1093.925415, 4372.520020
-1039.000000, -1022.000000, 4262.000000, -1067.600708, -1091.458130, 4344.060547
-659.000000, -245.000000, 4715.000000, -953.599304, -869.879700, 4451.277344
-659.000000, -245.000000, 4715.000000, -870.412659, -708.041748, 4529.456055
-659.000000, -245.000000, 4715.000000, -809.719177, -589.812561, 4586.439453
-659.000000, -245.000000, 4715.000000, -765.444580, -503.416565, 4627.951660
-890.000000, -349.000000, 4473.000000, -798.431580, -469.647003, 4589.786133
-890.000000, -349.000000, 4473.000000, -822.505737, -444.889526, 4561.880859
-890.000000, -349.000000, 4473.000000, -840.074036, -426.711456, 4541.465332
-890.000000, -349.000000, 4473.000000, -852.893494, -413.337158, 4526.517090
-890.000000, -349.000000, 4473.000000, -862.246643, -403.470398, 4515.560547
-867.000000, -118.000000, 4228.000000, -862.570312, -330.888214, 4438.285156
-867.000000, -118.000000, 4228.000000, -862.805786, -277.837921, 4381.868652
-867.000000, -118.000000, 4228.000000, -862.976990, -239.045654, 4340.678711
-867.000000, -118.000000, 4228.000000, -863.101379, -210.661865, 4310.603027
-867.000000, -118.000000, 4228.000000, -863.191650, -189.876480, 4288.640625
-1085.000000, -803.000000, 4164.000000, -924.860413, -368.208130, 4254.515137
-1085.000000, -803.000000, 4164.000000, -969.843994, -498.217896, 4229.605957
-1085.000000, -803.000000, 4164.000000, -1002.648560, -592.956543, 4211.424316
-1085.000000, -803.000000, 4164.000000, -1026.563354, -661.950562, 4198.153320
-476.000000, 276.000000, 4169.000000, -871.895874, -407.245819, 4189.879883
-476.000000, 276.000000, 4169.000000, -759.053528, -221.321350, 4183.840820
-476.000000, 276.000000, 4169.000000, -676.741150, -85.603363, 4179.433105
-476.000000, 276.000000, 4169.000000, -616.713745, 13.466109, 4176.215820
-476.000000, 276.000000, 4169.000000, -572.953003, 85.783722, 4173.867188
-1396.000000, -1420.000000, 4493.000000, -801.042786, -340.688599, 4263.710449
-1396.000000, -1420.000000, 4493.000000, -967.460388, -651.747314, 4329.245605
-1396.000000, -1420.000000, 4493.000000, -1088.861084, -878.561890, 4377.037598
-1396.000000, -1420.000000, 4493.000000, -1177.402222, -1043.884521, 4411.877441
-667.000000, -599.000000, 4384.000000, -1035.954590, -932.321838, 4406.462402
-667.000000, -599.000000, 4384.000000, -932.735596, -850.768066, 4402.480957
-667.000000, -599.000000, 4384.000000, -857.421448, -791.120483, 4399.545898
-667.000000, -599.000000, 4384.000000, -802.476318, -747.464600, 4397.375000
-667.000000, -599.000000, 4384.000000, -762.399536, -715.483032, 4395.762695
-387.000000, -717.000000, 4355.000000, -654.052185, -725.369263, 4386.363281
-387.000000, -717.000000, 4355.000000, -575.034241, -732.456238, 4379.478516
-387.000000, -717.000000, 4355.000000, -517.424927, -737.501160, 4374.430176
-387.000000, -717.000000, 4355.000000, -475.442261, -741.056824, 4370.722168
-387.000000, -717.000000, 4355.000000, -444.865845, -743.526611, 4367.993164
-387.000000, 258.000000, 3961.000000, -422.614929, -469.685638, 4254.640137
-387.000000, 258.000000, 3961.000000, -406.440674, -269.812225, 4171.933105
-387.000000, 258.000000, 3961.000000, -394.701599, -123.931679, 4111.595215
-387.000000, 258.000000, 3961.000000, -386.199493, -17.463360, 4067.585693
-398.000000, -43.000000, 3768.000000, -383.168121, -24.821898, 3980.955811
-398.000000, -43.000000, 3768.000000, -381.019623, -30.167433, 3917.781738
-398.000000, -43.000000, 3768.000000, -379.515045, -34.043972, 3871.728760
-398.000000, -43.000000, 3768.000000, -378.480042, -36.848610, 3838.172852
-398.000000, -43.000000, 3768.000000, -377.787292, -38.871204, 3813.738525
-224.000000, 527.000000, 3517.000000, -328.174255, 120.749634, 3725.033691
-224.000000, 527.000000, 3517.000000, -292.045990, 237.206909, 3660.378662
-224.000000, 527.000000, 3517.000000, -265.760254, 322.157196, 3613.277832
-224.000000, 527.000000, 3517.000000, -246.658432, 384.109222, 3578.990234
-133.000000, -167.000000, 3956.000000, -207.084641, 233.160522, 3678.109375
-133.000000, -167.000000, 3956.000000, -178.294891, 123.018288, 3750.490234
-133.000000, -167.000000, 3956.000000, -157.376190, 42.662300, 3803.353271
-133.000000, -167.000000, 3956.000000, -142.202164, -15.951680, 3841.969238
-133.000000, -167.000000, 3956.000000, -131.220688, -58.695568, 3870.185059
-173.000000, 417.000000, 3631.000000, -134.602158, 75.173653, 3798.969238
-173.000000, 417.000000, 3631.000000, -137.157974, 172.848022, 3747.059570
-173.000000, 417.000000, 3631.000000, -139.110367, 244.102112, 3709.242188
-173.000000, 417.000000, 3631.000000, -140.621567, 296.070892, 3681.710449
34.000000, -197.000000, 4213.000000, -83.315033, 160.455750, 3826.150146
34.000000, -197.000000, 4213.000000, -41.598484, 61.508911, 3931.572266
34.000000, -197.000000, 4213.000000, -11.260894, -10.672370, 4008.513672
34.000000, -197.000000, 4213.000000, 10.771571, -63.316643, 4064.665527
34.000000, -197.000000, 4213.000000, 26.742651, -101.700378, 4105.642090
-84.000000, 481.000000, 3831.000000, 4.945205, 61.917099, 4027.594238
-84.000000, 481.000000, 3831.000000, -11.058521, 181.295227, 3970.666992
-84.000000, 481.000000, 3831.000000, -22.832317, 268.381104, 3929.156250
-84.000000, 481.000000, 3831.000000, -31.517677, 331.895477, 3898.898193
-84.000000, 481.000000, 3831.000000, -37.947842, 378.204163, 3876.854004
-256.000000, -31.000000, 3982.000000, -91.335571, 267.270569, 3903.475342
-256.000000, -31.000000, 3982.000000, -130.369949, 186.315079, 3922.927490
-256.000000, -31.000000, 3982.000000, -158.926514, 127.241867, 3937.146729
-256.000000, -31.000000, 3982.000000, -179.834229, 84.141342, 3947.545898
-11.000000, 690.000000, 3692.000000, -125.924889, 256.443237, 3873.207031
-11.000000, 690.000000, 3692.000000, -86.670692, 382.130829, 3819.004395
-11.000000, 690.000000, 3692.000000, -58.113197, 473.792816, 3779.499756
-11.000000, 690.000000, 3692.000000, -37.362934, 540.618347, 3750.723389
-11.000000, 690.000000, 3692.000000, -22.310724, 589.315002, 3729.777832
-59.000000, 332.000000, 4374.000000, -24.981049, 523.613831, 3907.270264
-59.000000, 332.000000, 4374.000000, -27.016150, 475.625244, 4036.791748
-59.000000, 332.000000, 4374.000000, -28.586802, 440.566132, 4131.296387
-59.000000, 332.000000, 4374.000000, -29.817669, 414.945068, 4200.241699
-126.000000, 449.000000, 4136.000000, -49.732929, 429.275879, 4183.274414
-126.000000, 449.000000, 4136.000000, -64.343307, 439.690460, 4170.885254
-126.000000, 449.000000, 4136.000000, -75.080711, 447.246674, 4161.837402
-126.000000, 449.000000, 4136.000000, -82.990364, 452.716705, 4155.229004
-126.000000, 449.000000, 4136.000000, -88.835258, 456.664246, 4150.401367
-105.000000, 241.000000, 4723.000000, -87.238037, 400.723053, 4312.750488
-105.000000, 241.000000, 4723.000000, -86.145096, 359.873932, 4431.169434
-105.000000, 241.000000, 4723.000000, -85.419586, 330.041290, 4517.521484
-105.000000, 241.000000, 4723.000000, -84.961617, 308.250214, 4580.467285
-105.000000, 241.000000, 4723.000000, -84.698280, 292.329071, 4626.328613
-65.000000, 480.000000, 3987.000000, -73.272972, 348.230530, 4451.737305
-65.000000, 480.000000, 3987.000000, -65.008476, 388.986786, 4324.315430
-65.000000, 480.000000, 3987.000000, -59.050514, 418.688110, 4231.324707
-65.000000, 480.000000, 3987.000000, -54.775520, 440.320190, 4163.466797
138.000000, 637.000000, 4065.000000, 5.636412, 500.428284, 4135.996582
138.000000, 637.000000, 4065.000000, 49.632259, 544.233887, 4115.954102
138.000000, 637.000000, 4065.000000, 81.646095, 576.139893, 4101.333496
138.000000, 637.000000, 4065.000000, 104.914566, 599.360413, 4090.670410
138.000000, 637.000000, 4065.000000, 121.800278, 616.241394, 4082.895996
83.000000, 619.000000, 4017.000000, 118.485619, 623.408813, 4063.666016
83.000000, 619.000000, 4017.000000, 115.976692, 628.575500, 4049.645264
83.000000, 619.000000, 4017.000000, 114.056740, 632.282227, 4039.426514
83.000000, 619.000000, 4017.000000, 112.567543, 634.923706, 4031.983154
83.000000, 619.000000, 4017.000000, 111.393600, 636.788086, 4026.565186
-180.000000, 477.000000, 4078.000000, 36.130718, 597.958618, 4039.863525
-180.000000, 477.000000, 4078.000000, -18.854874, 569.572693, 4049.577148
-180.000000, 477.000000, 4078.000000, -59.038544, 548.810364, 4056.674316
-180.000000, 477.000000, 4078.000000, -88.417068, 533.613159, 4061.861084
-179.000000, 784.000000, 3968.000000, -109.625313, 609.232117, 4034.569336
-179.000000, 784.000000, 3968.000000, -125.151909, 664.344910, 4014.669922
-179.000000, 784.000000, 3968.000000, -136.530716, 704.489868, 4000.166260
-179.000000, 784.000000, 3968.000000, -144.881378, 733.709717, 3989.600830
-179.000000, 784.000000, 3968.000000, -151.021194, 754.955444, 3981.910156
-425.000000, 567.000000, 3944.000000, -225.062683, 709.060120, 3969.535889
-425.000000, 567.000000, 3944.000000, -279.117218, 675.508057, 3960.527832
-425.000000, 567.000000, 3944.000000, -318.582123, 650.966370, 3953.976807
