-347.000000, -258.000000, 4086.000000, -346.930603, -257.948395, 4085.182861
-347.000000, -258.000000, 4086.000000, -346.986664, -257.990082, 4085.842773
-347.000000, -258.000000, 4086.000000, -347.011200, -258.008331, 4086.131592
-347.000000, -258.000000, 4086.000000, -347.018829, -258.013977, 4086.221436
-339.000000, -251.000000, 3994.000000, -342.558868, -254.111450, 4034.932617
-339.000000, -251.000000, 3994.000000, -340.097260, -251.957733, 4006.623779
-339.000000, -251.000000, 3994.000000, -338.759583, -250.787506, 3991.239746
-339.000000, -251.000000, 3994.000000, -338.041534, -250.159454, 3982.981689
-339.000000, -251.000000, 3994.000000, -337.670685, -249.835175, 3978.716309
-108.000000, -144.000000, 4048.000000, -242.692490, -205.770264, 3998.899414
-108.000000, -144.000000, 4048.000000, -180.849640, -177.101410, 4012.694824
-108.000000, -144.000000, 4048.000000, -140.373657, -158.357742, 4022.293701
71.000000, -70.000000, 3959.000000, -47.616352, -118.715187, 3996.116455
71.000000, -70.000000, 3959.000000, 14.844951, -92.071503, 3978.449219
71.000000, -70.000000, 3959.000000, 56.735901, -74.249985, 3966.564453
71.000000, -70.000000, 3959.000000, 84.519592, -62.475777, 3958.648193
71.000000, -70.000000, 3959.000000, 102.551498, -54.879417, 3953.476807
158.000000, -100.000000, 4030.000000, 143.492264, -60.424416, 3974.445312
158.000000, -100.000000, 4030.000000, 171.078171, -65.022430, 3989.712891
158.000000, -100.000000, 4030.000000, 189.210251, -68.917740, 4000.901123
158.000000, -100.000000, 4030.000000, 200.632019, -72.284660, 4009.153564
262.000000, -121.000000, 4298.000000, 241.975845, -82.252518, 4104.673340
262.000000, -121.000000, 4298.000000, 270.157715, -89.931328, 4173.447266
262.000000, -121.000000, 4298.000000, 288.872925, -95.930687, 4222.854004
262.000000, -121.000000, 4298.000000, 300.782104, -100.688957, 4258.203125
262.000000, -121.000000, 4298.000000, 307.808594, -104.522369, 4283.330078
-31.000000, -205.000000, 4234.000000, 214.272232, -135.490265, 4279.811035
-31.000000, -205.000000, 4234.000000, 145.300156, -158.177170, 4276.775391
-31.000000, -205.000000, 4234.000000, 94.308975, -174.803741, 4274.095703
-31.000000, -205.000000, 4234.000000, 56.503716, -186.988205, 4271.681641
-31.000000, -205.000000, 4234.000000, 28.386503, -195.911789, 4269.469727
150.000000, -55.000000, 4541.000000, 67.340179, -152.765656, 4369.079102
150.000000, -55.000000, 4541.000000, 94.870346, -121.683655, 4440.512207
150.000000, -55.000000, 4541.000000, 114.117447, -99.392189, 4491.396973
150.000000, -55.000000, 4541.000000, 127.373489, -83.499962, 4527.310059
150.000000, -55.000000, 4541.000000, 136.310638, -72.260193, 4552.329102
42.000000, -71.000000, 4641.000000, 106.466988, -69.683144, 4602.473633
42.000000, -71.000000, 4641.000000, 84.365089, -68.076653, 4637.668945
42.000000, -71.000000, 4641.000000, 67.951523, -67.160866, 4662.007812
42.000000, -71.000000, 4641.000000, 55.723465, -66.732208, 4678.480469
42.000000, -71.000000, 4641.000000, 46.580608, -66.642860, 4689.269043
152.000000, -10.000000, 4654.000000, 75.853683, -46.746311, 4700.237793
152.000000, -10.000000, 4654.000000, 96.725929, -32.599636, 4707.084961
152.000000, -10.000000, 4654.000000, 111.509209, -22.624826, 4710.981445
152.000000, -10.000000, 4654.000000, 121.887337, -15.671798, 4712.779785
532.000000, 417.000000, 5142.000000, 253.133148, 128.487152, 4872.403320
532.000000, 417.000000, 5142.000000, 347.475708, 232.175598, 4986.546387
532.000000, 417.000000, 5142.000000, 414.998444, 306.440033, 5067.652344
532.000000, 417.000000, 5142.000000, 463.046936, 359.328796, 5124.787109
532.000000, 417.000000, 5142.000000, 496.970581, 396.704224, 5164.552734
-716.000000, 40.000000, 4995.000000, 116.974640, 300.887329, 5144.205566
-716.000000, 40.000000, 4995.000000, -157.959137, 230.905167, 5128.039062
-716.000000, 40.000000, 4995.000000, -356.451233, 179.750366, 5114.983887
-716.000000, 40.000000, 4995.000000, -499.344879, 142.318390, 5104.257812
-716.000000, 40.000000, 4995.000000, -601.817627, 114.890938, 5095.287598
-1544.000000, 320.000000, 4295.000000, -940.195374, 184.466110, 4863.386719
-1544.000000, 320.000000, 4295.000000, -1183.517334, 234.431290, 4694.845215
-1544.000000, 320.000000, 4295.000000, -1357.753662, 270.151062, 4572.430664
442.000000, 584.000000, 4661.000000, -849.151978, 379.629456, 4600.187500
442.000000, 584.000000, 4661.000000, -479.708984, 458.268646, 4620.029297
442.000000, 584.000000, 4661.000000, -211.553436, 514.501526, 4634.128418
442.000000, 584.000000, 4661.000000, -17.112179, 554.465942, 4644.064941
442.000000, 584.000000, 4661.000000, 123.689819, 582.628662, 4650.988770
234.000000, 966.000000, 4810.000000, 159.812653, 722.819275, 4702.768066
234.000000, 966.000000, 4810.000000, 185.728943, 823.441956, 4739.958008
234.000000, 966.000000, 4810.000000, 204.231628, 895.313843, 4766.548828
234.000000, 966.000000, 4810.000000, 217.353500, 946.308960, 4785.444336
15.000000, 854.000000, 4422.000000, 157.922272, 947.048645, 4677.128906
15.000000, 854.000000, 4422.000000, 114.635811, 946.514526, 4598.378418
15.000000, 854.000000, 4422.000000, 83.110672, 945.098999, 4541.159180
15.000000, 854.000000, 4422.000000, 60.154270, 943.085571, 4499.619629
15.000000, 854.000000, 4422.000000, 43.441242, 940.678528, 4469.498047
-407.000000, 1029.000000, 4652.000000, -99.949356, 992.443420, 4519.212891
-407.000000, 1029.000000, 4652.000000, -203.842194, 1029.062134, 4555.261230
-407.000000, 1029.000000, 4652.000000, -278.982056, 1054.692139, 4581.362793
-407.000000, 1029.000000, 4652.000000, -333.194702, 1072.359863, 4600.226074
-407.000000, 1029.000000, 4652.000000, -372.179932, 1084.267944, 4613.824707
-1291.000000, 363.000000, 4230.000000, -672.961243, 886.438538, 4493.332520
-1291.000000, 363.000000, 4230.000000, -890.600220, 742.189575, 4405.904297
-1291.000000, 363.000000, 4230.000000, -1047.716064, 636.986267, 4342.555664
-1291.000000, 363.000000, 4230.000000, -1160.785767, 560.238831, 4296.740234
-1079.000000, 534.000000, 4722.000000, -1176.726562, 556.729370, 4414.736816
-1079.000000, 534.000000, 4722.000000, -1187.251587, 553.911682, 4500.517090
-1079.000000, 534.000000, 4722.000000, -1193.868774, 551.609375, 4562.830078
-1079.000000, 534.000000, 4722.000000, -1197.675293, 549.693298, 4608.050293
-1079.000000, 534.000000, 4722.000000, -1199.468994, 548.068909, 4640.822266
-1340.000000, 484.000000, 5091.000000, -1279.458862, 531.412231, 4777.108398
-1340.000000, 484.000000, 5091.000000, -1336.589600, 519.112122, 4875.908203
-1340.000000, 484.000000, 5091.000000, -1377.099854, 509.994354, 4947.406250
-1340.000000, 484.000000, 5091.000000, -1405.534546, 503.202850, 4999.024414
-1340.000000, 484.000000, 5091.000000, -1425.204590, 498.113342, 5036.170410
-1132.000000, 501.000000, 4724.000000, -1375.422852, 499.427643, 4951.452637
-1132.000000, 501.000000, 4724.000000, -1338.332153, 500.243561, 4889.578613
-1132.000000, 501.000000, 4724.000000, -1310.519165, 500.702271, 4844.362305
-1132.000000, 501.000000, 4724.000000, -1289.494629, 500.906342, 4811.293457
-1548.000000, 11.000000, 4836.000000, -1399.112549, 352.906219, 4820.918457
-1548.000000, 11.000000, 4836.000000, -1477.981689, 245.296539, 4827.745605
-1548.000000, 11.000000, 4836.000000, -1534.467529, 167.124451, 4832.540527
-1548.000000, 11.000000, 4836.000000, -1574.667480, 110.405846, 4835.860840
-1548.000000, 11.000000, 4836.000000, -1603.024902, 69.320564, 4838.112793
-792.000000, 1547.000000, 4517.000000, -1395.497803, 501.401642, 4743.689453
-792.000000, 1547.000000, 4517.000000, -1243.867554, 815.524658, 4674.930176
-792.000000, 1547.000000, 4517.000000, -1133.002441, 1043.672119, 4624.880859
-792.000000, 1547.000000, 4517.000000, -1051.869751, 1209.160522, 4588.471191
-792.000000, 1547.000000, 4517.000000, -992.425293, 1328.988647, 4562.006348
-1121.000000, 1151.000000, 4409.000000, -1047.277222, 1297.021973, 4510.464844
-1121.000000, 1151.000000, 4409.000000, -1086.777344, 1273.198486, 4473.037598
-1121.000000, 1151.000000, 4409.000000, -1115.097900, 1255.329102, 4445.898438
-1121.000000, 1151.000000, 4409.000000, -1135.280396, 1241.817139, 4426.257324
-947.000000, 1779.000000, 4406.000000, -1097.631592, 1418.853271, 4411.186035
-947.000000, 1779.000000, 4406.000000, -1069.848022, 1547.092041, 4400.340332
-947.000000, 1779.000000, 4406.000000, -1049.268066, 1639.771240, 4392.572754
-947.000000, 1779.000000, 4406.000000, -1033.950684, 1706.543213, 4387.046387
-947.000000, 1779.000000, 4406.000000, -1022.479797, 1754.445923, 4383.151367
-1442.000000, 933.000000, 4125.000000, -1160.943604, 1537.167847, 4296.925781
-1442.000000, 933.000000, 4125.000000, -1261.341675, 1378.472290, 4234.341309
-1442.000000, 933.000000, 4125.000000, -1333.994263, 1262.508911, 4188.990723
-1442.000000, 933.000000, 4125.000000, -1386.427246, 1177.718140, 4156.202148
-1038.000000, 861.000000, 4342.000000, -1304.389648, 1094.329590, 4196.882812
-1038.000000, 861.000000, 4342.000000, -1244.261841, 1033.351196, 4226.701660
-1038.000000, 861.000000, 4342.000000, -1200.122070, 988.722778, 4248.594727
-1038.000000, 861.000000, 4342.000000, -1167.651123, 956.024475, 4264.703613
-1038.000000, 861.000000, 4342.000000, -1143.698730, 932.032288, 4276.590820
-1091.000000, -644.000000, 4126.000000, -1141.624268, 469.782715, 4221.584473
-1091.000000, -644.000000, 4126.000000, -1139.828613, 133.291473, 4181.709473
-1091.000000, -644.000000, 4126.000000, -1138.243652, -111.487610, 4152.865723
-1091.000000, -644.000000, 4126.000000, -1136.819702, -289.386841, 4132.062500
-1091.000000, -644.000000, 4126.000000, -1135.520264, -418.518158, 4117.119141
-105.000000, 291.000000, 3940.000000, -843.901550, -236.696732, 4051.659912
-105.000000, 291.000000, 3940.000000, -631.429138, -103.932045, 4004.224609
-105.000000, 291.000000, 3940.000000, -476.684021, -6.954579, 3969.929688
-105.000000, 291.000000, 3940.000000, -364.042633, 63.914871, 3945.212646
136.000000, 731.000000, 3724.000000, -211.282639, 245.045883, 3863.996582
136.000000, 731.000000, 3724.000000, -100.192467, 377.088715, 3805.140869
136.000000, 731.000000, 3724.000000, -19.491419, 473.325256, 3762.587646
136.000000, 731.000000, 3724.000000, 39.049110, 543.444092, 3731.917725
136.000000, 731.000000, 3724.000000, 81.431435, 594.512634, 3709.908447
-1003.000000, -584.000000, 3443.000000, -221.831146, 246.232162, 3611.841553
-1003.000000, -584.000000, 3443.000000, -442.862488, -7.331667, 3540.774658
-1003.000000, -584.000000, 3443.000000, -603.909363, -191.809250, 3489.394043
-1003.000000, -584.000000, 3443.000000, -721.200562, -325.897766, 3452.364502
282.000000, 1372.000000, 3226.000000, -430.645264, 148.995987, 3362.310303
282.000000, 1372.000000, 3226.000000, -219.034744, 495.085114, 3297.139648
282.000000, 1372.000000, 3226.000000, -65.009956, 747.214050, 3250.110596
282.000000, 1372.000000, 3226.000000, 47.010952, 930.802551, 3216.305664
282.000000, 1372.000000, 3226.000000, 128.395355, 1064.395142, 3192.136719
-658.000000, -86.000000, 3931.000000, -86.939774, 735.946350, 3380.769287
-658.000000, -86.000000, 3931.000000, -243.988556, 496.578949, 3518.577148
-658.000000, -86.000000, 3931.000000, -358.514099, 322.198151, 3619.300537
-658.000000, -86.000000, 3931.000000, -442.016571, 195.225372, 3692.963867
-658.000000, -86.000000, 3931.000000, -502.886169, 102.835907, 3746.880615
-692.000000, 902.000000, 3236.000000, -557.147400, 323.451965, 3583.951416
-692.000000, 902.000000, 3236.000000, -596.671936, 484.273071, 3465.510742
-692.000000, 902.000000, 3236.000000, -625.445923, 601.470825, 3379.520264
-692.000000, 902.000000, 3236.000000, -646.377563, 686.843872, 3317.196533
-779.000000, 795.000000, 3665.000000, -686.889465, 717.883240, 3396.891113
-779.000000, 795.000000, 3665.000000, -716.355957, 740.439392, 3455.279053
-779.000000, 795.000000, 3665.000000, -737.765381, 756.808289, 3498.115967
-779.000000, 795.000000, 3665.000000, -753.298096, 768.665100, 3529.601807
-779.000000, 795.000000, 3665.000000, -764.544800, 777.231812, 3552.800781
-1022.000000, 429.000000, 4350.000000, -843.202820, 677.159607, 3768.786865
-1022.000000, 429.000000, 4350.000000, -900.426636, 604.190979, 3926.355225
-1022.000000, 429.000000, 4350.000000, -942.014404, 550.997986, 4041.299561
-1022.000000, 429.000000, 4350.000000, -972.196777, 512.233704, 4125.144043
-1022.000000, 429.000000, 4350.000000, -994.060364, 483.996887, 4186.296387
-982.000000, 588.000000, 4113.000000, -998.266418, 509.514862, 4162.215820
-982.000000, 588.000000, 4113.000000, -1001.195923, 528.127991, 4144.700195
-982.000000, 588.000000, 4113.000000, -1003.196716, 541.703308, 4131.973633
-982.000000, 588.000000, 4113.000000, -1004.522705, 551.603088, 4122.740723
-678.000000, -18.000000, 4600.000000, -917.382507, 383.447205, 4256.992188
-678.000000, -18.000000, 4600.000000, -853.767883, 260.938507, 4354.846680
-678.000000, -18.000000, 4600.000000, -807.320190, 171.734589, 4426.145020
-678.000000, -18.000000, 4600.000000, -773.399658, 106.829567, 4478.067383
-678.000000, -18.000000, 4600.000000, -748.620789, 59.652061, 4515.853516
-789.000000, 1499.000000, 2478.000000, -762.587036, 463.750031, 3930.166260
-789.000000, 1499.000000, 2478.000000, -772.717834, 758.326355, 3503.352295
-789.000000, 1499.000000, 2478.000000, -780.051025, 972.989868, 3192.458496
-789.000000, 1499.000000, 2478.000000, -785.343994, 1129.345947, 2966.142334
-546.000000, 893.000000, 3830.000000, -719.014404, 1068.255615, 3191.749268
-546.000000, 893.000000, 3830.000000, -670.630005, 1023.583679, 3356.498779
-546.000000, 893.000000, 3830.000000, -635.340271, 990.894653, 3476.836914
-546.000000, 893.000000, 3830.000000, -609.605774, 966.951721, 3564.765137
-546.000000, 893.000000, 3830.000000, -590.843689, 949.393066, 3629.041016
-523.000000, -299.000000, 3429.000000, -570.540100, 592.925049, 3560.474854
-523.000000, -299.000000, 3429.000000, -555.747314, 333.061340, 3510.664062
-523.000000, -299.000000, 3429.000000, -544.975586, 143.688889, 3474.535645
-523.000000, -299.000000, 3429.000000, -537.137756, 5.752208, 3448.388184
-523.000000, -299.000000, 3429.000000, -531.440674, -94.653931, 3429.520264
-457.000000, 694.000000, 2866.000000, -508.306366, 118.172340, 3253.893311
-457.000000, 694.000000, 2866.000000, -491.464386, 273.448639, 3126.093262
-457.000000, 694.000000, 2866.000000, -479.213593, 386.728668, 3033.188232
-457.000000, 694.000000, 2866.000000, -470.312592, 469.362579, 2965.741943
-462.000000, 105.000000, 2682.000000, -465.293457, 360.243713, 2863.951904
-462.000000, 105.000000, 2682.000000, -461.667206, 280.741852, 2790.059570
-462.000000, 105.000000, 2682.000000, -459.056854, 222.851318, 2736.519043
-462.000000, 105.000000, 2682.000000, -457.187256, 180.730057, 2697.823975
-462.000000, 105.000000, 2682.000000, -455.857727, 150.114761, 2669.956299
-196.000000, 927.000000, 2302.000000, -378.509674, 364.024750, 2540.823975
-196.000000, 927.000000, 2302.000000, -322.166840, 520.034241, 2447.044922
-196.000000, 927.000000, 2302.000000, -281.151367, 633.791382, 2379.058350
-196.000000, 927.000000, 2302.000000, -251.319748, 716.715576, 2329.886719
-196.000000, 927.000000, 2302.000000, -229.648224, 777.140259, 2294.438477
-658.000000, -353.000000, 2468.000000, -346.505219, 453.839539, 2316.633301
-658.000000, -353.000000, 2468.000000, -431.764038, 218.136765, 2333.210449
-658.000000, -353.000000, 2468.000000, -493.963348, 46.357994, 2345.681641
-658.000000, -353.000000, 2468.000000, -539.334534, -78.773399, 2355.150391
572.000000, 718.000000, 2743.000000, -219.748062, 137.221481, 2441.272461
572.000000, 718.000000, 2743.000000, 13.199601, 294.811859, 2504.410889
572.000000, 718.000000, 2743.000000, 182.923279, 409.779785, 2550.771484
572.000000, 718.000000, 2743.000000, 306.510803, 493.642853, 2584.883057
572.000000, 718.000000, 2743.000000, 396.432648, 554.806519, 2610.050781
-281.000000, -347.000000, 2415.000000, 217.440598, 294.326874, 2534.728516
-281.000000, -347.000000, 2415.000000, 86.752701, 104.445969, 2480.101318
-281.000000, -347.000000, 2415.000000, -8.681654, -33.914833, 2440.572021
-281.000000, -347.000000, 2415.000000, -78.386856, -134.679123, 2412.055908
-281.000000, -347.000000, 2415.000000, -129.313828, -208.008301, 2391.572021
156.000000, 58.000000, 2877.000000, -41.464203, -145.405441, 2509.171143
156.000000, 58.000000, 2877.000000, 22.493858, -99.608009, 2595.206055
156.000000, 58.000000, 2877.000000, 69.017891, -66.076927, 2658.201416
156.000000, 58.000000, 2877.000000, 102.820641, -41.499508, 2704.378906
883.000000, 185.000000, 2802.000000, 335.272369, 12.865476, 2716.828125
883.000000, 185.000000, 2802.000000, 504.607269, 52.616009, 2726.126953
883.000000, 185.000000, 2802.000000, 627.882874, 81.699654, 2733.123535
883.000000, 185.000000, 2802.000000, 717.548035, 102.997421, 2738.436279
883.000000, 185.000000, 2802.000000, 782.688049, 118.611938, 2742.517090
482.000000, -141.000000, 2478.000000, 715.333435, 36.911667, 2653.101074
482.000000, -141.000000, 2478.000000, 665.974243, -22.573902, 2588.112061
482.000000, -141.000000, 2478.000000, 629.751587, -65.848465, 2540.946289
482.000000, -141.000000, 2478.000000, 603.119385, -97.293640, 2506.784668
749.000000, 761.000000, 2853.000000, 659.748535, 137.516998, 2589.215576
749.000000, 761.000000, 2853.000000, 700.830261, 308.827515, 2649.548340
749.000000, 761.000000, 2853.000000, 730.568604, 433.794403, 2693.750732
749.000000, 761.000000, 2853.000000, 752.031677, 524.939026, 2726.177979
749.000000, 761.000000, 2853.000000, 767.458679, 591.399841, 2750.008789
501.000000, 466.000000, 2641.000000, 707.701538, 555.649841, 2707.055664
501.000000, 466.000000, 2641.000000, 663.910217, 529.562439, 2675.910889
501.000000, 466.000000, 2641.000000, 631.774109, 510.527344, 2653.381104
501.000000, 466.000000, 2641.000000, 608.146973, 496.639435, 2637.136230
501.000000, 466.000000, 2641.000000, 590.732666, 486.508209, 2625.475586
-32.000000, 107.000000, 3252.000000, 425.831482, 376.723969, 2791.428711
-32.000000, 107.000000, 3252.000000, 305.424133, 296.677734, 2912.612061
-32.000000, 107.000000, 3252.000000, 217.491440, 238.334824, 3001.119141
-32.000000, 107.000000, 3252.000000, 153.261200, 195.831146, 3065.776611
191.000000, 1198.000000, 2579.000000, 169.903717, 475.908203, 2921.168213
191.000000, 1198.000000, 2579.000000, 181.954102, 680.177002, 2815.821045
191.000000, 1198.000000, 2579.000000, 190.654282, 829.118774, 2739.125977
191.000000, 1198.000000, 2579.000000, 196.910629, 937.681824, 2683.340332
191.000000, 1198.000000, 2579.000000, 201.384659, 1016.776245, 2642.812500
198.000000, 880.000000, 3588.000000, 206.553543, 983.763367, 2900.892334
198.000000, 880.000000, 3588.000000, 210.235077, 959.594849, 3089.235596
198.000000, 880.000000, 3588.000000, 212.832336, 941.882629, 3226.680664
198.000000, 880.000000, 3588.000000, 214.639481, 928.883667, 3326.977539
198.000000, 880.000000, 3588.000000, 215.871201, 919.325928, 3400.161133
961.000000, 1137.000000, 3359.000000, 433.949219, 985.461853, 3388.347900
961.000000, 1137.000000, 3359.000000, 592.882568, 1033.613647, 3379.751465
961.000000, 1137.000000, 3359.000000, 708.651306, 1068.641235, 3373.502197
961.000000, 1137.000000, 3359.000000, 792.918640, 1094.091431, 3368.966064
894.000000, 262.000000, 3845.000000, 835.126892, 863.500916, 3504.010254
894.000000, 262.000000, 3845.000000, 865.723633, 695.256531, 3602.504883
894.000000, 262.000000, 3845.000000, 887.848267, 572.516235, 3674.323975
894.000000, 262.000000, 3845.000000, 903.792114, 482.987518, 3726.674316
894.000000, 262.000000, 3845.000000, 915.227478, 417.698547, 3764.815430
582.000000, 687.000000, 3005.000000, 834.614197, 491.009003, 3553.615234
582.000000, 687.000000, 3005.000000, 775.639282, 544.490662, 3399.557861
918.000000, -492.000000, 4687.000000, 828.029907, 248.151016, 3765.626953
918.000000, -492.000000, 4687.000000, 866.072021, 32.056118, 4032.586670
918.000000, -492.000000, 4687.000000, 893.644043, -125.472206, 4227.211426
233.000000, 590.000000, 3790.000000, 718.792480, 67.417580, 4113.974609
233.000000, 590.000000, 3790.000000, 591.110229, 208.193115, 4031.273682
233.000000, 590.000000, 3790.000000, 497.856903, 310.931641, 3970.861084
233.000000, 590.000000, 3790.000000, 429.733490, 385.907837, 3926.716553
233.000000, 590.000000, 3790.000000, 379.952850, 440.620972, 3894.446289
711.000000, -413.000000, 5844.000000, 479.424072, 195.459961, 4454.656250
711.000000, -413.000000, 5844.000000, 551.882385, 16.693869, 4863.120605
711.000000, -413.000000, 5844.000000, 604.626221, -113.613441, 5160.832520
711.000000, -413.000000, 5844.000000, 642.982483, -208.553284, 5377.712891
711.000000, -413.000000, 5844.000000, 670.839355, -277.680786, 5535.600586
-297.000000, 382.000000, 4956.000000, 404.646332, -102.098396, 5398.140137
-297.000000, 382.000000, 4956.000000, 210.401123, 26.078241, 5297.567871
-297.000000, 382.000000, 4956.000000, 68.669556, 119.653664, 5223.923340
-297.000000, 382.000000, 4956.000000, -34.733173, 187.973770, 5169.935059
254.000000, -93.000000, 6543.000000, 46.338600, 102.947128, 5581.048340
254.000000, -93.000000, 6543.000000, 105.459412, 40.991169, 5880.604492
254.000000, -93.000000, 6543.000000, 148.559067, -4.126783, 6098.742188
254.000000, -93.000000, 6543.000000, 179.965668, -36.955894, 6257.458496
254.000000, -93.000000, 6543.000000, 202.838257, -60.816563, 6372.809570
376.000000, 1444.000000, 5471.000000, 254.121246, 358.257935, 6152.148438
376.000000, 1444.000000, 5471.000000, 291.481506, 663.968079, 5990.792969
376.000000, 1444.000000, 5471.000000, 318.680511, 886.935730, 5872.728516
376.000000, 1444.000000, 5471.000000, 338.463745, 1049.511841, 5786.265137
376.000000, 1444.000000, 5471.000000, 352.835144, 1168.010132, 5722.871094
-361.000000, -441.000000, 7165.000000, 154.077393, 719.325745, 6157.120117
-361.000000, -441.000000, 7165.000000, 9.065147, 391.995453, 6473.507324
-361.000000, -441.000000, 7165.000000, -96.718773, 153.239960, 6703.873535
-361.000000, -441.000000, 7165.000000, -173.870407, -20.866285, 6871.459473
25.000000, 987.000000, 5619.000000, -120.595200, 257.412567, 6554.546387
25.000000, 987.000000, 5619.000000, -81.716423, 460.442963, 6322.949219
25.000000, 987.000000, 5619.000000, -53.345516, 608.550171, 6153.627930
25.000000, 987.000000, 5619.000000, -32.644192, 716.569641, 6029.765625
25.000000, 987.000000, 5619.000000, -17.540781, 795.329834, 5939.087402
-1164.000000, -632.000000, 5489.000000, -343.802917, 393.478119, 5835.756836
-1164.000000, -632.000000, 5489.000000, -581.748535, 100.356422, 5760.093262
-1164.000000, -632.000000, 5489.000000, -755.233337, -113.404388, 5704.626465
-1164.000000, -632.000000, 5489.000000, -881.669678, -269.241028, 5663.904785
-1164.000000, -632.000000, 5489.000000, -973.766907, -382.800323, 5633.948242
-1081.000000, 110.000000, 5487.000000, -1017.264160, -255.082047, 5611.284668
-1081.000000, 110.000000, 5487.000000, -1048.841309, -161.800156, 5594.515137
-1081.000000, 110.000000, 5487.000000, -1071.719727, -93.654373, 5582.049805
-1081.000000, 110.000000, 5487.000000, -1088.250610, -43.856335, 5572.729004
-1103.000000, 625.000000, 4822.000000, -1106.387817, 138.564468, 5377.161621
-1103.000000, 625.000000, 4822.000000, -1119.458008, 271.686462, 5234.308105
-1103.000000, 625.000000, 4822.000000, -1128.831421, 368.824982, 5129.932617
-1103.000000, 625.000000, 4822.000000, -1135.508423, 439.699005, 5053.643555
-1103.000000, 625.000000, 4822.000000, -1140.218994, 491.402527, 4997.856934
-1016.000000, 859.000000, 5643.000000, -1118.835449, 595.441833, 5189.752441
-1016.000000, 859.000000, 5643.000000, -1103.081909, 671.315369, 5329.584961
-1016.000000, 859.000000, 5643.000000, -1091.439453, 726.631042, 5431.418457
-1016.000000, 859.000000, 5643.000000, -1082.799316, 766.941956, 5505.518555
-1813.000000, 273.000000, 5212.000000, -1302.222168, 630.228699, 5437.232910
-1813.000000, 273.000000, 5212.000000, -1462.113403, 530.471558, 5387.235352
-1813.000000, 273.000000, 5212.000000, -1578.554321, 457.688995, 5350.588867
-1813.000000, 273.000000, 5212.000000, -1663.282837, 404.595520, 5323.689453
-1813.000000, 273.000000, 5212.000000, -1724.866699, 365.873199, 5303.906250
-1085.000000, 624.000000, 5433.000000, -1563.289673, 437.091888, 5351.936523
-1085.000000, 624.000000, 5433.000000, -1445.213379, 489.050171, 5386.813965
-1085.000000, 624.000000, 5433.000000, -1358.890747, 526.950195, 5412.092773
-1085.000000, 624.000000, 5433.000000, -1295.747192, 554.589111, 5430.367188
-1085.000000, 624.000000, 5433.000000, -1249.523926, 574.738525, 5443.531250
-1034.000000, 797.000000, 4888.000000, -1201.205566, 638.428772, 5298.579590
-1034.000000, 797.000000, 4888.000000, -1165.814697, 684.865784, 5192.692871
-1034.000000, 797.000000, 4888.000000, -1139.861084, 718.709778, 5115.321289
-1034.000000, 797.000000, 4888.000000, -1120.797485, 743.362488, 5058.764648
-1648.000000, 527.000000, 3830.000000, -1280.670288, 684.833374, 4717.739746
-1648.000000, 527.000000, 3830.000000, -1397.150391, 642.104858, 4468.906738
-1648.000000, 527.000000, 3830.000000, -1481.959473, 610.909729, 4287.366211
-1648.000000, 527.000000, 3830.000000, -1543.653076, 588.133301, 4154.943848
-1648.000000, 527.000000, 3830.000000, -1588.476318, 571.502014, 4058.373047
-1212.000000, 793.000000, 4610.000000, -1497.519775, 634.683044, 4208.853516
-1212.000000, 793.000000, 4610.000000, -1430.993042, 680.752563, 4318.655762
-1212.000000, 793.000000, 4610.000000, -1382.299683, 714.332397, 4398.766602
-1212.000000, 793.000000, 4610.000000, -1346.624878, 738.796265, 4457.205566
-1212.000000, 793.000000, 4610.000000, -1320.454102, 756.606628, 4499.826172
-867.000000, 669.000000, 5203.000000, -1203.540161, 734.452209, 4698.800293
-867.000000, 669.000000, 5203.000000, -1118.127563, 718.255127, 4843.909180
-867.000000, 669.000000, 5203.000000, -1055.709473, 706.406799, 4949.702148
-867.000000, 669.000000, 5203.000000, -1010.076660, 697.733032, 5026.797852
-523.000000, 648.000000, 4926.000000, -879.310486, 685.431763, 5004.530273
-523.000000, 648.000000, 4926.000000, -783.843628, 676.431335, 4988.197266
-523.000000, 648.000000, 4926.000000, -714.143066, 669.840576, 4976.196777
-523.000000, 648.000000, 4926.000000, -663.250366, 665.008972, 4967.359863
-523.000000, 648.000000, 4926.000000, -626.086304, 661.461731, 4960.833496
-1024.000000, 958.000000, 5120.000000, -740.755127, 746.599915, 5010.907227
-1024.000000, 958.000000, 5120.000000, -824.362366, 808.676880, 5047.352539
-1024.000000, 958.000000, 5120.000000, -885.297791, 853.921448, 5073.852051
-1024.000000, 958.000000, 5120.000000, -929.685242, 886.880188, 5093.092285
-1024.000000, 958.000000, 5120.000000, -961.994690, 910.871826, 5107.035156
-1205.000000, 1512.000000, 4808.000000, -1036.715332, 1085.110840, 5028.811035
-1205.000000, 1512.000000, 4808.000000, -1091.139893, 1212.143555, 4971.662109
-1205.000000, 1512.000000, 4808.000000, -1130.750977, 1304.720459, 4929.896973
-1205.000000, 1512.000000, 4808.000000, -1159.550415, 1372.148315, 4899.361816
-1367.000000, 1052.000000, 4654.000000, -1226.303345, 1291.045532, 4833.444336
-1367.000000, 1052.000000, 4654.000000, -1274.891968, 1231.772217, 4785.304688
-1367.000000, 1052.000000, 4654.000000, -1310.223267, 1188.433838, 4750.142090
-1367.000000, 1052.000000, 4654.000000, -1335.878906, 1156.727661, 4724.451660
-1367.000000, 1052.000000, 4654.000000, -1354.473389, 1133.513184, 4705.676270
-1954.000000, 1246.000000, 5033.000000, -1534.009521, 1171.390991, 4799.188965
-1954.000000, 1246.000000, 5033.000000, -1664.839844, 1198.940186, 4867.367188
-1954.000000, 1246.000000, 5033.000000, -1760.120361, 1218.951172, 4917.053711
-1954.000000, 1246.000000, 5033.000000, -1829.453857, 1233.460815, 4953.243164
-1428.000000, 1233.000000, 4942.000000, -1731.028931, 1240.277710, 4953.834961
-1428.000000, 1233.000000, 4942.000000, -1659.053955, 1245.160522, 4954.204102
-1428.000000, 1233.000000, 4942.000000, -1606.387207, 1248.632568, 4954.411621
-1428.000000, 1233.000000, 4942.000000, -1567.815674, 1251.075806, 4954.501953
-1428.000000, 1233.000000, 4942.000000, -1539.534058, 1252.769043, 4954.507324
-1053.000000, 1455.000000, 5024.000000, -1412.677490, 1316.719482, 4977.649414
-1053.000000, 1455.000000, 5024.000000, -1320.012695, 1363.277466, 4994.470215
-1053.000000, 1455.000000, 5024.000000, -1252.306641, 1397.141357, 5006.677734
-1053.000000, 1455.000000, 5024.000000, -1202.819702, 1421.740356, 5015.519043
-904.000000, 683.000000, 5191.000000, -1124.483521, 1221.196411, 5069.144043
-904.000000, 683.000000, 5191.000000, -1067.261353, 1074.811035, 5108.193359
-904.000000, 683.000000, 5191.000000, -1025.451416, 967.958313, 5136.604980
-904.000000, 683.000000, 5191.000000, -994.892151, 889.962158, 5157.252441
-904.000000, 683.000000, 5191.000000, -972.545715, 833.029663, 5172.233398
-919.000000, 323.000000, 4458.000000, -960.437439, 689.645935, 4975.749023
-919.000000, 323.000000, 4458.000000, -951.557861, 585.038757, 4832.349121
-919.000000, 323.000000, 4458.000000, -945.035522, 508.735840, 4727.697754
-919.000000, 323.000000, 4458.000000, -940.234314, 453.092957, 4651.330078
-838.000000, 848.000000, 3997.000000, -913.780518, 561.017456, 4465.222168
-838.000000, 848.000000, 3997.000000, -894.443665, 639.770386, 4329.465332
-838.000000, 848.000000, 3997.000000, -880.302124, 697.230042, 4230.461426
-838.000000, 848.000000, 3997.000000, -869.953247, 739.147095, 4158.284668
-838.000000, 848.000000, 3997.000000, -862.373108, 769.719299, 4105.688477
-1103.000000, 491.000000, 3665.000000, -931.759216, 691.047363, 3973.491943
-1103.000000, 491.000000, 3665.000000, -982.342163, 633.650513, 3877.133789
-1103.000000, 491.000000, 3665.000000, -1019.200623, 591.783020, 3806.934082
-1103.000000, 491.000000, 3665.000000, -1046.041748, 561.250916, 3755.827637
-2154.000000, -142.000000, 3714.000000, -1362.787720, 359.984344, 3732.513916
-2154.000000, -142.000000, 3714.000000, -1593.775635, 213.193909, 3715.622070
-2154.000000, -142.000000, 3714.000000, -1762.166992, 106.166969, 3703.416992
-2154.000000, -142.000000, 3714.000000, -1884.868530, 28.164133, 3694.631592
-2154.000000, -142.000000, 3714.000000, -1974.221069, -28.653744, 3688.341553
-1045.000000, 656.000000, 3919.000000, -1725.635742, 155.645355, 3741.840576
-1045.000000, 656.000000, 3919.000000, -1544.138428, 290.172729, 3780.982178
-1045.000000, 656.000000, 3919.000000, -1411.612183, 388.369537, 3809.642822
-1045.000000, 656.000000, 3919.000000, -1314.832886, 460.047058, 3830.652344
-1045.000000, 656.000000, 3919.000000, -1244.147339, 512.367004, 3846.075928
-970.000000, 932.000000, 3845.000000, -1171.302490, 628.597900, 3836.497559
-970.000000, 932.000000, 3845.000000, -1118.099854, 713.398621, 3829.603516
-970.000000, 932.000000, 3845.000000, -1079.235596, 775.257385, 3824.667725
-970.000000, 932.000000, 3845.000000, -1050.837891, 820.370239, 3821.160889
-439.000000, 658.000000, 4681.000000, -879.943542, 775.788025, 4055.070068
-439.000000, 658.000000, 4681.000000, -755.250305, 743.246094, 4225.781738
-439.000000, 658.000000, 4681.000000, -664.281067, 719.492920, 4350.363281
-439.000000, 658.000000, 4681.000000, -597.928284, 702.155151, 4441.272461
-439.000000, 658.000000, 4681.000000, -549.543884, 689.500366, 4507.603027
-787.000000, 1892.000000, 3328.000000, -612.664734, 1029.151245, 4173.460449
-787.000000, 1892.000000, 3328.000000, -658.737183, 1276.897217, 3929.725830
-787.000000, 1892.000000, 3328.000000, -692.365356, 1457.559204, 3751.982666
-787.000000, 1892.000000, 3328.000000, -716.909973, 1589.255127, 3622.408691
-787.000000, 1892.000000, 3328.000000, -734.824280, 1685.209839, 3527.993896
-522.000000, 1318.000000, 3669.000000, -672.979431, 1592.798828, 3555.648193
-522.000000, 1318.000000, 3669.000000, -627.873169, 1525.255249, 3575.948975
-522.000000, 1318.000000, 3669.000000, -594.984924, 1475.864380, 3590.880859
-522.000000, 1318.000000, 3669.000000, -571.015076, 1439.724976, 3601.893066
-523.000000, 1565.000000, 3313.000000, -553.837646, 1483.087402, 3509.400146
-523.000000, 1565.000000, 3313.000000, -541.335205, 1514.618408, 3442.047852
-523.000000, 1565.000000, 3313.000000, -532.245117, 1537.514404, 3393.045898
-523.000000, 1565.000000, 3313.000000, -525.645630, 1554.108521, 3357.437012
-523.000000, 1565.000000, 3313.000000, -520.863953, 1566.103638, 3331.603271
-1307.000000, 940.000000, 2761.000000, -739.040039, 1398.059937, 3156.856689
-1307.000000, 940.000000, 2761.000000, -898.217529, 1275.372925, 3029.537598
-1307.000000, 940.000000, 2761.000000, -1014.329834, 1185.794312, 2936.836182
-1307.000000, 940.000000, 2761.000000, -1099.007568, 1120.383545, 2869.401611
-1307.000000, 940.000000, 2761.000000, -1160.740479, 1072.614380, 2820.408691
-114.000000, 1223.000000, 2404.000000, -868.486084, 1117.721924, 2683.957520
-114.000000, 1223.000000, 2404.000000, -655.253845, 1150.584595, 2584.634033
-114.000000, 1223.000000, 2404.000000, -499.703064, 1174.509888, 2512.409424
-114.000000, 1223.000000, 2404.000000, -386.256104, 1191.911987, 2459.963135
-1249.000000, 210.000000, 2393.000000, -624.376953, 918.204407, 2418.842041
-1249.000000, 210.000000, 2393.000000, -798.122986, 718.498962, 2389.096436
-1249.000000, 210.000000, 2393.000000, -924.879333, 572.810669, 2367.651855
-1249.000000, 210.000000, 2393.000000, -1017.336243, 466.551514, 2352.264160
-1249.000000, 210.000000, 2393.000000, -1084.756958, 389.073029, 2341.295166
-607.000000, 503.000000, 1957.000000, -952.432373, 415.423126, 2210.307617
-607.000000, 503.000000, 1957.000000, -855.869019, 434.698700, 2115.015625
-607.000000, 503.000000, 1957.000000, -785.409302, 448.809906, 2045.776489
-607.000000, 503.000000, 1957.000000, -734.003906, 459.151123, 1995.551758
-480.000000, 286.000000, 2400.000000, -660.609497, 405.403351, 2084.421143
-480.000000, 286.000000, 2400.000000, -607.080139, 366.241943, 2149.537598
-480.000000, 286.000000, 2400.000000, -568.051025, 337.727325, 2197.313232
-480.000000, 286.000000, 2400.000000, -539.606018, 316.983734, 2232.428711
-480.000000, 286.000000, 2400.000000, -518.886658, 301.912109, 2258.300293
-1076.000000, -724.000000, 2129.000000, -672.265808, 5.503487, 2200.824219
-1076.000000, -724.000000, 2129.000000, -784.181702, -210.644073, 2159.143555
-1076.000000, -724.000000, 2129.000000, -865.831848, -368.206787, 2128.990479
-1076.000000, -724.000000, 2129.000000, -925.389954, -483.007263, 2107.249512
-730.000000, -417.000000, 1964.000000, -871.027405, -479.823303, 2045.010010
-730.000000, -417.000000, 1964.000000, -831.354126, -477.334839, 1999.866333
-730.000000, -417.000000, 1964.000000, -802.403320, -475.355438, 1967.199219
-730.000000, -417.000000, 1964.000000, -781.279358, -473.749084, 1943.636719
-730.000000, -417.000000, 1964.000000, -765.868652, -472.416412, 1926.717407
-392.000000, -582.000000, 1563.000000, -659.096741, -517.920105, 1801.306885
-392.000000, -582.000000, 1563.000000, -581.216370, -550.954285, 1710.096558
-392.000000, -582.000000, 1563.000000, -524.424927, -574.887939, 1643.847534
-392.000000, -582.000000, 1563.000000, -483.027039, -592.180115, 1595.816162
419.000000, 720.000000, 1176.000000, -223.649796, -236.637619, 1451.700562
419.000000, 720.000000, 1176.000000, -34.490944, 22.877251, 1346.880371
419.000000, 720.000000, 1176.000000, 103.413254, 212.296616, 1270.740479
419.000000, 720.000000, 1176.000000, 203.905441, 350.549683, 1215.532227
419.000000, 720.000000, 1176.000000, 277.090088, 451.453918, 1175.599731
208.000000, 199.000000, 1134.000000, 270.708527, 377.846405, 1134.943970
208.000000, 199.000000, 1134.000000, 265.913940, 324.178406, 1105.633179
208.000000, 199.000000, 1134.000000, 262.278900, 285.064758, 1084.600342
208.000000, 199.000000, 1134.000000, 259.491486, 256.574585, 1069.606689
1321.000000, 181.000000, 1267.000000, 571.884033, 230.751266, 1096.606689
1321.000000, 181.000000, 1267.000000, 799.622498, 211.963943, 1116.648560
1321.000000, 181.000000, 1267.000000, 965.570007, 198.312012, 1131.608032
1321.000000, 181.000000, 1267.000000, 1086.415527, 188.408127, 1142.854492
1321.000000, 181.000000, 1267.000000, 1174.341309, 181.239609, 1151.387573
2034.000000, 1213.000000, 1250.000000, 1439.746948, 467.730103, 1153.132324
2034.000000, 1213.000000, 1250.000000, 1633.096436, 676.764771, 1154.725830
2034.000000, 1213.000000, 1250.000000, 1773.851562, 829.261108, 1156.205688
2034.000000, 1213.000000, 1250.000000, 1876.218750, 940.487854, 1157.599609
1567.000000, 940.000000, 1260.000000, 1818.586182, 944.436401, 1161.754028
1567.000000, 940.000000, 1260.000000, 1776.213867, 947.271362, 1165.092773
1567.000000, 940.000000, 1260.000000, 1744.983643, 949.293823, 1167.833130
1567.000000, 940.000000, 1260.000000, 1721.889160, 950.723694, 1170.133545
1567.000000, 940.000000, 1260.000000, 1704.736084, 951.721313, 1172.110107
1346.000000, 95.000000, 2912.000000, 1629.465454, 713.596802, 1640.722046
1346.000000, 95.000000, 2912.000000, 1574.263672, 539.854187, 1982.839111
1346.000000, 95.000000, 2912.000000, 1533.713379, 413.106689, 2232.619873
1346.000000, 95.000000, 2912.000000, 1503.860352, 320.662781, 2414.998779
1346.000000, 95.000000, 2912.000000, 1481.818237, 253.258240, 2548.176758
1719.000000, 2202.000000, 2743.000000, 1570.892944, 799.586670, 2597.678467
1719.000000, 2202.000000, 2743.000000, 1635.612915, 1198.149902, 2633.885010
1719.000000, 2202.000000, 2743.000000, 1682.557983, 1488.853394, 2660.385742
1719.000000, 2202.000000, 2743.000000, 1716.530762, 1700.826294, 2679.800781
605.000000, -672.000000, 4532.000000, 1426.214111, 1043.121826, 3199.625000
605.000000, -672.000000, 4532.000000, 1214.168213, 563.220703, 3578.882568
605.000000, -672.000000, 4532.000000, 1059.257446, 213.106186, 3855.534424
605.000000, -672.000000, 4532.000000, 946.054077, -42.271778, 4057.290039
605.000000, -672.000000, 4532.000000, 863.296326, -228.498032, 4204.375977
1377.000000, 1286.000000, 4481.000000, 1020.933350, 189.088654, 4297.144531
1377.000000, 1286.000000, 4481.000000, 1135.767334, 493.808960, 4364.685059
1377.000000, 1286.000000, 4481.000000, 1219.359375, 716.143005, 4413.812012
1377.000000, 1286.000000, 4481.000000, 1280.148193, 878.339600, 4449.498535
664.000000, 1027.000000, 5721.000000, 1122.799438, 923.445801, 4825.801270
664.000000, 1027.000000, 5721.000000, 1007.820007, 956.313416, 5100.134766
664.000000, 1027.000000, 5721.000000, 923.769592, 980.247925, 5300.038086
664.000000, 1027.000000, 5721.000000, 862.297058, 997.662109, 5445.613281
664.000000, 1027.000000, 5721.000000, 817.306519, 1010.317383, 5551.534180
597.000000, -151.000000, 7586.000000, 765.414246, 686.597839, 6155.559082
597.000000, -151.000000, 7586.000000, 727.428955, 450.412445, 6595.863281
597.000000, -151.000000, 7586.000000, 699.596191, 278.121948, 6916.664062
597.000000, -151.000000, 7586.000000, 679.175415, 152.470779, 7150.237793
-436.000000, -733.000000, 7293.000000, 372.243317, -103.608276, 7237.344238
-436.000000, -733.000000, 7293.000000, 148.244263, -290.339050, 7300.384277
-436.000000, -733.000000, 7293.000000, -15.217729, -426.450439, 7345.861328
-436.000000, -733.000000, 7293.000000, -134.490646, -525.613708, 7378.522949
-436.000000, -733.000000, 7293.000000, -221.507828, -597.808167, 7401.834473
345.000000, 476.000000, 7349.000000, -64.273148, -308.660675, 7434.150391
345.000000, 476.000000, 7349.000000, 50.434246, -97.584099, 7457.210449
345.000000, 476.000000, 7349.000000, 134.099396, 56.504158, 7473.519043
-251.000000, 508.000000, 6418.000000, 26.679699, 178.036453, 7221.808594
-251.000000, 508.000000, 6418.000000, -51.710239, 266.756592, 7037.689941
-251.000000, 508.000000, 6418.000000, -108.909813, 331.525299, 6902.914062
-251.000000, 508.000000, 6418.000000, -150.641418, 378.810425, 6804.159668
-251.000000, 508.000000, 6418.000000, -181.082138, 413.333282, 6731.702148
-532.000000, 80.000000, 6417.000000, -282.689636, 317.590485, 6678.160645
-532.000000, 80.000000, 6417.000000, -356.796509, 247.771118, 6638.713379
-532.000000, 80.000000, 6417.000000, -410.829590, 196.874069, 6609.557617
-532.000000, 80.000000, 6417.000000, -450.210114, 159.788834, 6587.916992
-532.000000, 80.000000, 6417.000000, -478.895294, 132.784973, 6571.765137
-588.000000, 345.000000, 5669.000000, -515.598938, 188.026123, 6348.244629
-588.000000, 345.000000, 5669.000000, -542.322815, 228.376846, 6184.844238
-588.000000, 345.000000, 5669.000000, -561.762390, 257.857971, 6065.330566
-588.000000, 345.000000, 5669.000000, -575.885254, 279.404541, 5977.854492
-920.000000, 53.000000, 5877.000000, -679.947571, 212.642593, 5972.545410
-920.000000, 53.000000, 5877.000000, -755.794189, 163.977722, 5968.407715
-920.000000, 53.000000, 5877.000000, -811.045410, 128.522247, 5965.127441
-920.000000, 53.000000, 5877.000000, -851.263855, 102.708420, 5962.475586
-920.000000, 53.000000, 5877.000000, -880.509888, 83.931953, 5960.284668
-776.000000, 582.000000, 5173.000000, -861.054626, 219.781464, 5759.489746
-776.000000, 582.000000, 5173.000000, -846.764099, 318.934296, 5612.770020
-776.000000, 582.000000, 5173.000000, -836.244263, 391.300293, 5505.523438
-776.000000, 582.000000, 5173.000000, -828.477478, 444.113159, 5427.092285
-776.000000, 582.000000, 5173.000000, -822.721008, 482.653198, 5369.696289
-1264.000000, 349.000000, 4886.000000, -956.335693, 444.931732, 5246.553223
-1264.000000, 349.000000, 4886.000000, -1053.712158, 417.419556, 5156.563965
-1264.000000, 349.000000, 4886.000000, -1124.637573, 397.359467, 5090.776367
-1264.000000, 349.000000, 4886.000000, -1176.256348, 382.738831, 5042.655762
-1928.000000, 303.000000, 4637.000000, -1401.421387, 359.089508, 4937.067871
-1928.000000, 303.000000, 4637.000000, -1565.534668, 341.855072, 4859.933105
-1928.000000, 303.000000, 4637.000000, -1685.084961, 329.302917, 4803.567871
-1928.000000, 303.000000, 4637.000000, -1772.108521, 320.168365, 4762.364746
-1928.000000, 303.000000, 4637.000000, -1835.390869, 313.528229, 4732.229492
-1389.000000, 775.000000, 4645.000000, -1729.031128, 442.089508, 4712.434570
-1389.000000, 775.000000, 4645.000000, -1651.234375, 535.892456, 4697.926758
-1389.000000, 775.000000, 4645.000000, -1594.288696, 604.323669, 4687.278809
-1389.000000, 775.000000, 4645.000000, -1552.564697, 654.234985, 4679.448730
-1665.000000, 151.000000, 5523.000000, -1599.946899, 514.294189, 4921.787109
-1665.000000, 151.000000, 5523.000000, -1634.340332, 412.194000, 5098.500488
-1665.000000, 151.000000, 5523.000000, -1659.254150, 337.715332, 5227.312012
-1665.000000, 151.000000, 5523.000000, -1677.250000, 283.398651, 5321.159180
-1665.000000, 151.000000, 5523.000000, -1690.197632, 243.798813, 5389.485840
-720.000000, 867.000000, 5599.000000, -1432.418701, 417.272430, 5460.661621
-720.000000, 867.000000, 5599.000000, -1244.202759, 543.844971, 5512.431152
-720.000000, 867.000000, 5599.000000, -1106.765137, 636.182312, 5550.037598
-720.000000, 867.000000, 5599.000000, -1006.393860, 703.529968, 5577.306641
-720.000000, 867.000000, 5599.000000, -933.079773, 752.636719, 5597.031738
133.000000, 1717.000000, 5511.000000, -638.471558, 1028.626099, 5586.384277
133.000000, 1717.000000, 5511.000000, -423.497131, 1229.910034, 5578.448242
133.000000, 1717.000000, 5511.000000, -266.651184, 1376.663940, 5572.493164
133.000000, 1717.000000, 5511.000000, -152.235657, 1483.614990, 5567.985352
-103.000000, 1263.000000, 4734.000000, -135.481781, 1433.219727, 5344.967285
-103.000000, 1263.000000, 4734.000000, -123.291817, 1396.329102, 5182.128906
-103.000000, 1263.000000, 4734.000000, -114.432953, 1369.297241, 5063.219238
-103.000000, 1263.000000, 4734.000000, -108.005310, 1349.462646, 4976.375977
-103.000000, 1263.000000, 4734.000000, -103.352005, 1334.882690, 4912.940430
-1143.000000, 600.000000, 3831.000000, -393.881104, 1136.785767, 4611.418945
-1143.000000, 600.000000, 3831.000000, -605.842102, 992.179749, 4391.409180
-1143.000000, 600.000000, 3831.000000, -760.452942, 886.619690, 4230.898926
-1143.000000, 600.000000, 3831.000000, -873.201660, 809.561462, 4113.819824
-1143.000000, 600.000000, 3831.000000, -955.393921, 753.308228, 4028.443115
-67.000000, 1940.000000, 4221.000000, -711.222046, 1090.904175, 4076.414795
-67.000000, 1940.000000, 4221.000000, -533.035522, 1337.136597, 4111.460449
-67.000000, 1940.000000, 4221.000000, -403.014984, 1516.679443, 4137.070312
-67.000000, 1940.000000, 4221.000000, -308.152924, 1647.543701, 4155.792480
-1548.000000, -72.000000, 4717.000000, -657.460938, 1174.318115, 4309.648438
-1548.000000, -72.000000, 4717.000000, -912.272705, 828.984436, 4421.912598
-1548.000000, -72.000000, 4717.000000, -1098.107788, 577.005371, 4503.817383
-1548.000000, -72.000000, 4717.000000, -1233.594604, 393.169983, 4563.561523
-1548.000000, -72.000000, 4717.000000, -1332.330811, 259.075562, 4607.129883
-1469.000000, 182.000000, 5184.000000, -1381.918213, 233.065170, 4770.857910
-1469.000000, 182.000000, 5184.000000, -1417.966064, 214.137558, 4890.263184
-1469.000000, 182.000000, 5184.000000, -1444.131958, 200.379562, 4977.316895
-1469.000000, 182.000000, 5184.000000, -1463.085693, 190.394653, 5040.755371
-1469.000000, 182.000000, 5184.000000, -1476.776245, 183.163422, 5086.958008
-700.000000, 656.000000, 6821.000000, -1269.319824, 311.886200, 5583.168457
-700.000000, 656.000000, 6821.000000, -1117.854736, 405.835938, 5945.040527
-700.000000, 656.000000, 6821.000000, -1007.260986, 474.403076, 6208.854004
-700.000000, 656.000000, 6821.000000, -926.501892, 524.442139, 6401.093262
-1169.000000, 256.000000, 6476.000000, -1000.052429, 447.923462, 6443.598145
-1169.000000, 256.000000, 6476.000000, -1053.643311, 392.114380, 6474.348145
-1169.000000, 256.000000, 6476.000000, -1092.665283, 351.421936, 6496.519531
-1169.000000, 256.000000, 6476.000000, -1121.053589, 321.763580, 6512.431641
-1169.000000, 256.000000, 6476.000000, -1141.680664, 300.159241, 6523.777344
-667.000000, 1520.000000, 5548.000000, -1014.786682, 641.618286, 6269.555664
-667.000000, 1520.000000, 5548.000000, -922.138855, 890.729675, 6083.854492
-667.000000, 1520.000000, 5548.000000, -854.489441, 1072.432739, 5948.171875
-667.000000, 1520.000000, 5548.000000, -805.087952, 1204.932007, 5849.001953
-667.000000, 1520.000000, 5548.000000, -769.006836, 1301.515747, 5776.485840
-2080.000000, 726.000000, 3323.000000, -1141.938721, 1147.513428, 5094.680664
-2080.000000, 726.000000, 3323.000000, -1413.938354, 1035.080933, 4597.190918
-2080.000000, 726.000000, 3323.000000, -1612.264160, 952.992798, 4234.241211
-2080.000000, 726.000000, 3323.000000, -1756.813354, 893.054688, 3969.498535
-1950.000000, 1397.000000, 2197.000000, -1825.374268, 1038.898315, 3458.252686
-1950.000000, 1397.000000, 2197.000000, -1875.223633, 1145.243652, 3085.419678
-1950.000000, 1397.000000, 2197.000000, -1911.416260, 1222.758057, 2813.618896
-1950.000000, 1397.000000, 2197.000000, -1937.641846, 1279.228271, 2615.564209
-1950.000000, 1397.000000, 2197.000000, -1956.593872, 1320.338013, 2471.338135
-2995.000000, -453.000000, 2850.000000, -2265.536865, 827.458496, 2550.927734
-2995.000000, -453.000000, 2850.000000, -2490.712402, 467.836853, 2609.269287
-2995.000000, -453.000000, 2850.000000, -2654.744385, 205.485962, 2652.098877
-2995.000000, -453.000000, 2850.000000, -2774.147461, 14.136916, 2683.603516
-1863.000000, 388.000000, 2631.000000, -2541.093018, 112.266594, 2644.953613
-1863.000000, 388.000000, 2631.000000, -2370.810303, 183.928009, 2617.009766
-1863.000000, 388.000000, 2631.000000, -2246.349609, 236.268555, 2596.878418
-1863.000000, 388.000000, 2631.000000, -2155.338623, 274.505493, 2582.447510
-1863.000000, 388.000000, 2631.000000, -2088.745605, 302.447174, 2572.175537
-1823.000000, -388.000000, 3975.000000, -2028.674805, 103.589539, 2944.728271
-1823.000000, -388.000000, 3975.000000, -1984.675659, -41.425610, 3216.738281
-1823.000000, -388.000000, 3975.000000, -1952.409424, -147.139404, 3415.356689
-1823.000000, -388.000000, 3975.000000, -1928.709229, -224.166229, 3560.401855
-1823.000000, -388.000000, 3975.000000, -1911.263062, -280.254089, 3666.340576
-1285.000000, -258.000000, 3499.000000, -1746.354248, -284.322937, 3609.223877
-1285.000000, -258.000000, 3499.000000, -1625.912720, -287.175964, 3567.661133
-1285.000000, -258.000000, 3499.000000, -1537.931030, -289.142487, 3537.451416
-1285.000000, -258.000000, 3499.000000, -1473.644165, -290.462952, 3515.527588
-1285.000000, -258.000000, 3499.000000, -1426.654175, -291.312805, 3499.651123
-605.000000, 1444.000000, 2840.000000, -1200.134888, 189.135254, 3301.966064
-605.000000, 1444.000000, 2840.000000, -1034.822021, 539.706909, 3157.885010
-605.000000, 1444.000000, 2840.000000, -914.187073, 795.475891, 3052.930176
-605.000000, 1444.000000, 2840.000000, -826.164673, 982.044434, 2976.534180
-749.000000, 860.000000, 3021.000000, -802.639648, 953.072754, 2972.130371
-749.000000, 860.000000, 3021.000000, -785.481995, 931.880066, 2969.102051
-749.000000, 860.000000, 3021.000000, -772.972168, 916.366089, 2967.076416
-749.000000, 860.000000, 3021.000000, -763.855103, 904.997681, 2965.781006
-749.000000, 860.000000, 3021.000000, -757.214600, 896.655701, 2965.016846
-538.000000, 1570.000000, 2866.000000, -692.757019, 1091.156860, 2920.839111
-538.000000, 1570.000000, 2866.000000, -645.750977, 1232.988525, 2888.791992
-538.000000, 1570.000000, 2866.000000, -611.483398, 1336.375244, 2865.598145
-538.000000, 1570.000000, 2866.000000, -586.514160, 1411.700195, 2848.865234
Found 9 packets, running slowly
-475.000000, -11.000000, 2673.000000, -550.529236, 1019.779541, 2782.308105
-475.000000, -11.000000, 2673.000000, -524.314941, 733.783203, 2733.946045
-106.000000, 514.000000, 1927.000000, -400.959473, 673.461853, 2488.057373
-106.000000, 514.000000, 1927.000000, -311.021240, 629.440613, 2308.895508
-106.000000, 514.000000, 1927.000000, -245.475266, 597.317566, 2178.438232
-106.000000, 514.000000, 1927.000000, -197.733688, 573.879578, 2083.530029
-106.000000, 514.000000, 1927.000000, -162.987732, 556.781189, 2014.568359
-454.000000, -715.000000, 1962.000000, -236.065948, 197.016403, 1974.434082
-454.000000, -715.000000, 1962.000000, -289.461121, -65.408028, 1945.444214
-454.000000, -715.000000, 1962.000000, -328.488281, -256.780090, 1924.586548
27.000000, 32.000000, 2111.000000, -221.104858, -185.199646, 1951.767090
27.000000, 32.000000, 2111.000000, -142.839706, -132.874451, 1971.884277
27.000000, 32.000000, 2111.000000, -85.828590, -94.605370, 1986.843262
347.000000, 426.000000, 2011.000000, 46.095413, 44.740284, 1969.776123
347.000000, 426.000000, 2011.000000, 142.230743, 146.472198, 1957.601562
347.000000, 426.000000, 2011.000000, 212.243317, 220.747650, 1948.995972
347.000000, 426.000000, 2011.000000, 263.188812, 274.980988, 1942.992920
445.000000, -323.000000, 2922.000000, 327.910583, 102.930016, 2196.319824
445.000000, -323.000000, 2922.000000, 374.982544, -22.535875, 2381.379150
445.000000, -323.000000, 2922.000000, 409.172363, -113.997871, 2516.604736
445.000000, -323.000000, 2922.000000, 433.960205, -180.639679, 2615.452637
1015.000000, 1014.000000, 2481.000000, 612.958557, 148.648056, 2563.126221
1015.000000, 1014.000000, 2481.000000, 743.370605, 388.939178, 2525.130859
1015.000000, 1014.000000, 2481.000000, 838.318970, 564.267517, 2497.594727
1015.000000, 1014.000000, 2481.000000, 907.382568, 692.176697, 2477.691162
1015.000000, 1014.000000, 2481.000000, 957.553589, 785.472595, 2463.357422
1074.000000, -621.000000, 3735.000000, 1010.608337, 391.480316, 2807.446045
1074.000000, -621.000000, 3735.000000, 1049.089233, 104.049347, 3058.625488
1074.000000, -621.000000, 3735.000000, 1076.934082, -105.598305, 3241.984863
1074.000000, -621.000000, 3735.000000, 1097.017090, -258.469208, 3375.838623
1104.000000, 654.000000, 2830.000000, 1119.913940, -9.604144, 3217.817871
1104.000000, 654.000000, 2830.000000, 1136.385010, 172.031342, 3102.610107
1104.000000, 654.000000, 2830.000000, 1148.167725, 304.592529, 3018.652344
1104.000000, 654.000000, 2830.000000, 1156.530273, 401.331940, 2957.504395
1104.000000, 654.000000, 2830.000000, 1162.398315, 471.923279, 2913.005127
1443.000000, 294.000000, 4080.000000, 1262.243042, 421.698120, 3233.885742
1443.000000, 294.000000, 4080.000000, 1334.844116, 385.064392, 3468.066650
1443.000000, 294.000000, 4080.000000, 1387.560913, 358.351532, 3638.961182
1443.000000, 294.000000, 4080.000000, 1425.765747, 338.880157, 3763.659668
1443.000000, 294.000000, 4080.000000, 1453.379761, 324.694489, 3854.637451
1394.000000, 259.000000, 4414.000000, 1459.418945, 304.476440, 4015.383789
1394.000000, 259.000000, 4414.000000, 1463.565552, 289.750214, 4132.626953
1394.000000, 259.000000, 4414.000000, 1466.332886, 279.032471, 4218.116211
1394.000000, 259.000000, 4414.000000, 1468.095947, 271.240417, 4280.426758
741.000000, 588.000000, 5086.000000, 1284.601440, 358.553467, 4515.713867
741.000000, 588.000000, 5086.000000, 1150.500610, 422.271301, 4687.274902
741.000000, 588.000000, 5086.000000, 1052.456421, 468.765839, 4812.319336
741.000000, 588.000000, 5086.000000, 980.733215, 502.688293, 4903.411133
741.000000, 588.000000, 5086.000000, 928.224609, 527.433777, 4969.719727
1166.000000, 1213.000000, 5124.000000, 1009.840942, 722.095032, 5028.678223
1166.000000, 1213.000000, 5124.000000, 1069.204712, 864.082520, 5071.528809
1166.000000, 1213.000000, 5124.000000, 1112.326904, 967.621460, 5102.623047
1166.000000, 1213.000000, 5124.000000, 1143.595459, 1043.095703, 5125.137207
-419.000000, 369.000000, 5716.000000, 718.319397, 859.584717, 5308.678711
-419.000000, 369.000000, 5716.000000, 407.911469, 725.649292, 5442.389648
-419.000000, 369.000000, 5716.000000, 181.351868, 627.901550, 5539.729492
-419.000000, 369.000000, 5716.000000, 15.997557, 556.568970, 5610.521484
-419.000000, 369.000000, 5716.000000, -104.679878, 504.518005, 5661.937500
242.000000, 86.000000, 7159.000000, -5.957926, 386.570526, 6106.979492
242.000000, 86.000000, 7159.000000, 66.032501, 300.533295, 6431.376465
242.000000, 86.000000, 7159.000000, 118.510902, 237.788559, 6667.712402
242.000000, 86.000000, 7159.000000, 156.747177, 192.045715, 6839.771484
242.000000, 86.000000, 7159.000000, 184.588089, 158.712921, 6964.916016
-1766.000000, 173.000000, 6045.000000, -362.585388, 159.023102, 6741.020996
-1766.000000, 173.000000, 6045.000000, -761.775269, 159.293289, 6577.305176
-1766.000000, 173.000000, 6045.000000, -1052.945801, 159.533875, 6457.520020
-1766.000000, 173.000000, 6045.000000, -1265.269043, 159.752457, 6369.805176
-1077.000000, 315.000000, 6121.000000, -1225.339478, 200.081390, 6326.978516
-1077.000000, 315.000000, 6121.000000, -1196.078125, 229.541306, 6295.433105
-1077.000000, 315.000000, 6121.000000, -1174.604980, 251.067139, 6272.125000
-1077.000000, 315.000000, 6121.000000, -1158.817749, 266.801239, 6254.832520
-2099.000000, 0.000000, 5149.000000, -1435.981934, 189.293716, 5967.262695
-2099.000000, 0.000000, 5149.000000, -1638.040283, 132.783127, 5757.216309
-2099.000000, 0.000000, 5149.000000, -1785.277100, 91.598694, 5603.759277
-2099.000000, 0.000000, 5149.000000, -1892.499023, 61.601040, 5491.611816
-2099.000000, 0.000000, 5149.000000, -1970.514038, 39.768612, 5409.619141
-1347.000000, 604.000000, 5414.000000, -1814.708740, 194.576172, 5424.523926
-1347.000000, 604.000000, 5414.000000, -1700.838867, 307.554596, 5435.237793
-1347.000000, 604.000000, 5414.000000, -1617.581055, 389.999878, 5442.894043
-1347.000000, 604.000000, 5414.000000, -1556.669678, 450.157593, 5448.319336
-1347.000000, 604.000000, 5414.000000, -1512.071411, 494.046600, 5452.118164
-1879.000000, 656.000000, 5031.000000, -1629.716431, 540.754761, 5346.501465
-1879.000000, 656.000000, 5031.000000, -1715.381470, 574.819031, 5269.302734
-1879.000000, 656.000000, 5031.000000, -1777.704468, 599.654114, 5212.849121
-1879.000000, 656.000000, 5031.000000, -1822.990479, 617.752625, 5171.539062
-1712.000000, 403.000000, 5058.000000, -1808.650757, 559.440308, 5148.914062
-1712.000000, 403.000000, 5058.000000, -1798.004395, 516.881958, 5132.295410
-1712.000000, 403.000000, 5058.000000, -1790.055420, 485.823242, 5120.062012
-1712.000000, 403.000000, 5058.000000, -1784.077026, 463.158600, 5111.031250
-1712.000000, 403.000000, 5058.000000, -1779.538574, 446.621155, 5104.338379
-1674.000000, 1011.000000, 5091.000000, -1765.314575, 606.367004, 5108.678711
-1674.000000, 1011.000000, 5091.000000, -1754.765625, 722.892761, 5111.743652
-1674.000000, 1011.000000, 5091.000000, -1746.900879, 807.870605, 5113.878418
-1674.000000, 1011.000000, 5091.000000, -1740.996826, 869.820618, 5115.335449
-2059.000000, 500.000000, 4714.000000, -1845.320190, 770.561829, 5009.764648
-2059.000000, 500.000000, 4714.000000, -1921.255493, 698.102844, 4932.658203
-2059.000000, 500.000000, 4714.000000, -1976.470825, 645.206421, 4876.329590
-2059.000000, 500.000000, 4714.000000, -2016.563477, 606.589783, 4835.168457
-2059.000000, 500.000000, 4714.000000, -2045.619141, 578.396729, 4805.079102
-1506.000000, 1258.000000, 4812.000000, -1910.351318, 772.010864, 4810.765625
-1506.000000, 1258.000000, 4812.000000, -1811.485596, 913.226013, 4814.859375
-1506.000000, 1258.000000, 4812.000000, -1739.192749, 1016.193420, 4817.791992
-1506.000000, 1258.000000, 4812.000000, -1686.298096, 1091.242798, 4819.876953
-1506.000000, 1258.000000, 4812.000000, -1647.564209, 1145.914185, 4821.343750
-1076.000000, 1342.000000, 4701.000000, -1497.657227, 1209.448608, 4790.993652
-1076.000000, 1342.000000, 4701.000000, -1388.173340, 1255.704468, 4768.801758
-1076.000000, 1342.000000, 4701.000000, -1308.196777, 1289.348755, 4752.565430
-1076.000000, 1342.000000, 4701.000000, -1249.759888, 1313.788330, 4740.676758
-1076.000000, 1342.000000, 4701.000000, -1207.046387, 1331.509888, 4731.961914
-1231.000000, 746.000000, 4347.000000, -1219.611328, 1175.908691, 4625.530273
-1231.000000, 746.000000, 4347.000000, -1228.704712, 1062.297119, 4547.855469
-1231.000000, 746.000000, 4347.000000, -1235.264648, 979.336121, 4491.171875
-1231.000000, 746.000000, 4347.000000, -1239.976074, 918.748840, 4449.811035
-1055.000000, 543.000000, 4311.000000, -1193.604248, 817.129089, 4409.462402
-1055.000000, 543.000000, 4311.000000, -1159.704834, 742.951660, 4380.029785
-1055.000000, 543.000000, 4311.000000, -1134.910156, 688.805847, 4358.566406
-1055.000000, 543.000000, 4311.000000, -1116.762207, 649.282166, 4342.919434
-1055.000000, 543.000000, 4311.000000, -1103.466431, 620.431885, 4331.518066
-1174.000000, 185.000000, 4267.000000, -1127.340454, 498.207703, 4310.782227
-1174.000000, 185.000000, 4267.000000, -1144.702637, 409.041687, 4295.672363
-1174.000000, 185.000000, 4267.000000, -1157.311890, 344.006134, 4284.669434
-1174.000000, 185.000000, 4267.000000, -1166.452637, 296.584229, 4276.664062
-667.000000, 614.000000, 4257.000000, -1029.791992, 383.247559, 4268.020996
-667.000000, 614.000000, 4257.000000, -930.047058, 446.495880, 4261.739258
-667.000000, 614.000000, 4257.000000, -857.248840, 492.652496, 4257.181152
-667.000000, 614.000000, 4257.000000, -804.120422, 526.333069, 4253.881348
-667.000000, 614.000000, 4257.000000, -765.349976, 550.906799, 4251.499512
-892.000000, 324.000000, 4102.000000, -800.641602, 486.883759, 4205.987305
-892.000000, 324.000000, 4102.000000, -826.381165, 440.180573, 4172.814453
-892.000000, 324.000000, 4102.000000, -845.148376, 406.119843, 4148.648926
-892.000000, 324.000000, 4102.000000, -858.826416, 381.287201, 4131.057617
-892.000000, 324.000000, 4102.000000, -868.789856, 363.190369, 4118.264648
-614.000000, 597.000000, 3979.000000, -797.483643, 427.155609, 4074.216309
-614.000000, 597.000000, 3979.000000, -745.453247, 473.837128, 4042.128174
-614.000000, 597.000000, 3979.000000, -707.493225, 507.902435, 4018.770020
-614.000000, 597.000000, 3979.000000, -679.803711, 532.758667, 4001.783936
-547.000000, 702.000000, 4044.000000, -640.677979, 580.564087, 4007.816650
-547.000000, 702.000000, 4044.000000, -612.147095, 615.434937, 4012.273926
-547.000000, 702.000000, 4044.000000, -591.349731, 640.864380, 4015.581055
-547.000000, 702.000000, 4044.000000, -576.197327, 659.402283, 4018.048096
-547.000000, 702.000000, 4044.000000, -565.165222, 672.909912, 4019.901367
-665.000000, 475.000000, 3910.000000, -590.485535, 618.599243, 3983.440186
-665.000000, 475.000000, 3910.000000, -608.979248, 578.964111, 3956.896484
-665.000000, 475.000000, 3910.000000, -622.489868, 550.041260, 3937.591309
-665.000000, 475.000000, 3910.000000, -632.363037, 528.937866, 3923.569580
-312.000000, 841.000000, 3963.000000, -539.828674, 616.968079, 3928.380859
-312.000000, 841.000000, 3963.000000, -472.344940, 681.181824, 3931.954346
-312.000000, 841.000000, 3963.000000, -423.146454, 728.011108, 3934.623535
-312.000000, 841.000000, 3963.000000, -387.294830, 762.150940, 3936.632324
-312.000000, 841.000000, 3963.000000, -361.185333, 787.028503, 3938.158447
-519.000000, 584.000000, 3948.000000, -400.681610, 732.521240, 3935.093262
-519.000000, 584.000000, 3948.000000, -429.541687, 692.728516, 3932.916748
-519.000000, 584.000000, 3948.000000, -450.637634, 663.676758, 3931.388672
-519.000000, 584.000000, 3948.000000, -466.065948, 642.465454, 3930.333252
-519.000000, 584.000000, 3948.000000, -477.356964, 626.977295, 3929.622559
-301.000000, 676.000000, 3979.000000, -424.024292, 641.664612, 3937.923096
-301.000000, 676.000000, 3979.000000, -385.154144, 652.367554, 3944.036377
-301.000000, 676.000000, 3979.000000, -356.840454, 660.162292, 3948.552490
-301.000000, 676.000000, 3979.000000, -336.231964, 665.834351, 3951.902344
-353.000000, 560.000000, 4114.000000, -335.941864, 637.177307, 3992.549316
-353.000000, 560.000000, 4114.000000, -335.780823, 616.258362, 4022.252686
-353.000000, 560.000000, 4114.000000, -335.713623, 600.987915, 4043.967285
-353.000000, 560.000000, 4114.000000, -335.714478, 589.840637, 4059.850586
-353.000000, 560.000000, 4114.000000, -335.764648, 581.703003, 4071.476807
-417.000000, 434.000000, 3973.000000, -353.935852, 540.156677, 4040.151123
-417.000000, 434.000000, 3973.000000, -367.239471, 509.847443, 4017.336914
-417.000000, 434.000000, 3973.000000, -376.989685, 487.740631, 4000.735107
-417.000000, 434.000000, 3973.000000, -384.145782, 471.621033, 3988.667969
-302.000000, 560.000000, 4131.000000, -356.910767, 495.477356, 4024.558594
-302.000000, 560.000000, 4131.000000, -337.085419, 512.890198, 4050.784424
-302.000000, 560.000000, 4131.000000, -322.668304, 525.599548, 4069.955566
-302.000000, 560.000000, 4131.000000, -312.198486, 534.875732, 4083.976807
-302.000000, 560.000000, 4131.000000, -304.609589, 541.645813, 4094.238525
-474.000000, 405.000000, 4079.000000, -347.727753, 502.785950, 4087.061279
-474.000000, 405.000000, 4079.000000, -379.229767, 474.441437, 4081.856201
-474.000000, 405.000000, 4079.000000, -402.252380, 453.772461, 4078.090332
-474.000000, 405.000000, 4079.000000, -419.085175, 438.706085, 4075.375000
-474.000000, 405.000000, 4079.000000, -431.399536, 427.729156, 4073.425781
-435.000000, 449.000000, 4118.000000, -429.394592, 432.170898, 4083.056641
-435.000000, 449.000000, 4118.000000, -427.963501, 435.427246, 4090.113525
-435.000000, 449.000000, 4118.000000, -426.950989, 437.818207, 4095.291504
-435.000000, 449.000000, 4118.000000, -426.243774, 439.577393, 4099.097656
-367.000000, 587.000000, 4235.000000, -406.543396, 479.871979, 4134.964844
-367.000000, 587.000000, 4235.000000, -392.204254, 509.278809, 4161.155273
-367.000000, 587.000000, 4235.000000, -381.778198, 530.738220, 4180.282227
-367.000000, 587.000000, 4235.000000, -374.208130, 546.396362, 4194.252930
-367.000000, 587.000000, 4235.000000, -368.722504, 557.820007, 4204.459961
-458.000000, 520.000000, 4153.000000, -390.473267, 547.219543, 4188.747559
-458.000000, 520.000000, 4153.000000, -406.376587, 539.485413, 4177.298340
-458.000000, 520.000000, 4153.000000, -418.011353, 533.843567, 4168.961914
-458.000000, 520.000000, 4153.000000, -426.530060, 529.729004, 4162.896484
-301.000000, 705.000000, 4205.000000, -388.408112, 579.007385, 4173.184082
-301.000000, 705.000000, 4205.000000, -360.629059, 614.955200, 4180.705566
-301.000000, 705.000000, 4205.000000, -340.399414, 641.172424, 4186.208496
-301.000000, 705.000000, 4205.000000, -325.680023, 660.287109, 4190.237305
-301.000000, 705.000000, 4205.000000, -314.982452, 674.217468, 4193.190430
-505.000000, 500.000000, 4140.000000, -364.867584, 626.433716, 4176.989746
-505.000000, 500.000000, 4140.000000, -401.297913, 591.561462, 4165.185547
-505.000000, 500.000000, 4140.000000, -427.906769, 566.113892, 4156.590332
-505.000000, 500.000000, 4140.000000, -447.346313, 547.545776, 4150.336914
-505.000000, 500.000000, 4140.000000, -461.552429, 533.999329, 4145.792969
-377.000000, 598.000000, 4083.000000, -435.767365, 551.811707, 4126.389160
-377.000000, 598.000000, 4083.000000, -416.979919, 564.806946, 4112.253906
-377.000000, 598.000000, 4083.000000, -403.300079, 574.286011, 4101.964355
-377.000000, 598.000000, 4083.000000, -393.348236, 581.198486, 4094.481445
-311.000000, 655.000000, 4158.000000, -367.466736, 602.344910, 4110.241211
-311.000000, 655.000000, 4158.000000, -348.617218, 617.765930, 4121.761719
-311.000000, 655.000000, 4158.000000, -334.900330, 629.007812, 4130.187500
-311.000000, 655.000000, 4158.000000, -324.929626, 637.199219, 4136.354492
-311.000000, 655.000000, 4158.000000, -317.693085, 643.164124, 4140.872559
-435.000000, 512.000000, 4050.000000, -347.492554, 607.094177, 4113.667480
-435.000000, 512.000000, 4050.000000, -369.267670, 580.771362, 4093.840820
-435.000000, 512.000000, 4050.000000, -385.185181, 561.563354, 4079.399414
-435.000000, 512.000000, 4050.000000, -396.826721, 547.548828, 4068.888916
-263.000000, 681.000000, 4137.000000, -356.742126, 585.082153, 4085.832520
-263.000000, 681.000000, 4137.000000, -327.529266, 612.461487, 4098.218262
-263.000000, 681.000000, 4137.000000, -306.251831, 632.429077, 4107.277344
-263.000000, 681.000000, 4137.000000, -290.766449, 646.986633, 4113.907715
-263.000000, 681.000000, 4137.000000, -279.508575, 657.595337, 4118.764648
-498.000000, 494.000000, 4144.000000, -337.743713, 612.478210, 4124.305664
-498.000000, 494.000000, 4144.000000, -380.263489, 579.554626, 4128.366211
-498.000000, 494.000000, 4144.000000, -411.311676, 555.531616, 4131.346191
-498.000000, 494.000000, 4144.000000, -433.986084, 538.005493, 4133.537109
-498.000000, 494.000000, 4144.000000, -450.547913, 525.221741, 4135.152344
-438.000000, 605.000000, 4052.000000, -445.692627, 547.266602, 4110.348633
-438.000000, 605.000000, 4052.000000, -442.167572, 563.351501, 4092.271973
-438.000000, 605.000000, 4052.000000, -439.613373, 575.086060, 4079.105225
-438.000000, 605.000000, 4052.000000, -437.767639, 583.645142, 4069.522217
-410.000000, 641.000000, 4218.000000, -428.526459, 600.059387, 4109.463867
-410.000000, 641.000000, 4218.000000, -421.803253, 612.029358, 4138.623047
-410.000000, 641.000000, 4218.000000, -416.917816, 620.755310, 4159.911621
-486.000000, 599.000000, 4177.000000, -434.850128, 615.244812, 4163.868652
-486.000000, 599.000000, 4177.000000, -447.950653, 611.217163, 4166.766113
-486.000000, 599.000000, 4177.000000, -457.524017, 608.271973, 4168.891113
-486.000000, 599.000000, 4177.000000, -464.522675, 606.116943, 4170.451172
-386.000000, 673.000000, 4132.000000, -441.383240, 625.450134, 4158.882812
-386.000000, 673.000000, 4132.000000, -424.517334, 639.546692, 4150.453613
-386.000000, 673.000000, 4132.000000, -412.230591, 649.820923, 4144.316406
-386.000000, 673.000000, 4132.000000, -403.286163, 657.305237, 4139.851562
-386.000000, 673.000000, 4132.000000, -396.781189, 662.753052, 4136.607910
-467.000000, 583.000000, 4120.000000, -414.946198, 641.281860, 4130.863770
-467.000000, 583.000000, 4120.000000, -428.217651, 625.606934, 4126.687500
-467.000000, 583.000000, 4120.000000, -437.916931, 614.163025, 4123.655273
-467.000000, 583.000000, 4120.000000, -445.008575, 605.807556, 4121.458496
-467.000000, 583.000000, 4120.000000, -450.196655, 599.706604, 4119.870605
-454.000000, 512.000000, 4110.000000, -450.321503, 575.187683, 4115.901367
-454.000000, 512.000000, 4110.000000, -450.425781, 557.298462, 4113.021484
-454.000000, 512.000000, 4110.000000, -450.514923, 544.248535, 4110.936523
-454.000000, 512.000000, 4110.000000, -450.592896, 534.730957, 4109.431152
-403.000000, 589.000000, 4086.000000, -436.250671, 549.550842, 4101.566895
-403.000000, 589.000000, 4086.000000, -425.801544, 560.365662, 4095.846191
-403.000000, 589.000000, 4086.000000, -418.193970, 568.256958, 4091.690186
-403.000000, 589.000000, 4086.000000, -412.660400, 574.014282, 4088.676025
-403.000000, 589.000000, 4086.000000, -408.640564, 578.213989, 4086.495361
-491.000000, 505.000000, 4136.000000, -430.593048, 557.539490, 4099.052246
-491.000000, 505.000000, 4136.000000, -446.623566, 542.457397, 4108.229492
-491.000000, 505.000000, 4136.000000, -458.331268, 531.457458, 4114.940430
-491.000000, 505.000000, 4136.000000, -466.883453, 523.437195, 4119.850586
-393.000000, 652.000000, 4162.000000, -445.438751, 559.132019, 4130.793457
-393.000000, 652.000000, 4162.000000, -429.805328, 585.175293, 4138.788574
-393.000000, 652.000000, 4162.000000, -418.413635, 604.173523, 4144.632324
-393.000000, 652.000000, 4162.000000, -410.117981, 618.029358, 4148.905273
-393.000000, 652.000000, 4162.000000, -404.082092, 628.131531, 4152.031738
-400.000000, 645.000000, 4254.000000, -401.673645, 633.515747, 4180.318848
-400.000000, 645.000000, 4254.000000, -399.933716, 637.435425, 4200.960938
-400.000000, 645.000000, 4254.000000, -398.681610, 640.286072, 4216.022461
-400.000000, 645.000000, 4254.000000, -397.785400, 642.356445, 4227.010742
-400.000000, 645.000000, 4254.000000, -397.148804, 643.857422, 4235.025879
-458.000000, 622.000000, 4037.000000, -413.091522, 638.443359, 4179.548828
-458.000000, 622.000000, 4037.000000, -424.737793, 634.484619, 4139.078613
